field_id,Wheat,Mustac,Lentil,No crop/Fallow,Green pea,Sugarcane,Garlic,Maize,Gram,Coriander,Potato,Bersem,Rice
11,0.2,0.15,0.1,0.25,0.0,0.25,0.0,0.0,0.0,0.0,0.05,0.0,0.0
13,0.45,0.4,0.0,0.1,0.0,0.05,0.0,0.0,0.0,0.0,0.0,0.0,0.0
19,0.2,0.35,0.05,0.3,0.0,0.1,0.0,0.0,0.0,0.0,0.0,0.0,0.0
21,0.1,0.15,0.0,0.7,0.0,0.05,0.0,0.0,0.0,0.0,0.0,0.0,0.0
25,0.35,0.05,0.0,0.6,0.0,0.0,0.0,0.0,0.0,0.0,0.0,0.0,0.0
26,0.25,0.0,0.0,0.75,0.0,0.0,0.0,0.0,0.0,0.0,0.0,0.0,0.0
29,0.35,0.25,0.0,0.1,0.0,0.3,0.0,0.0,0.0,0.0,0.0,0.0,0.0
39,0.2,0.15,0.0,0.2,0.0,0.45,0.0,0.0,0.0,0.0,0.0,0.0,0.0
44,0.4,0.15,0.0,0.25,0.0,0.2,0.0,0.0,0.0,0.0,0.0,0.0,0.0
48,0.05,0.4,0.0,0.3,0.0,0.25,0.0,0.0,0.0,0.0,0.0,0.0,0.0
52,0.25,0.5,0.05,0.05,0.0,0.05,0.05,0.0,0.05,0.0,0.0,0.0,0.0
63,0.1,0.6,0.0,0.1,0.0,0.2,0.0,0.0,0.0,0.0,0.0,0.0,0.0
64,0.25,0.2,0.05,0.4,0.05,0.05,0.0,0.0,0.0,0.0,0.0,0.0,0.0
65,0.35,0.3,0.05,0.25,0.0,0.05,0.0,0.0,0.0,0.0,0.0,0.0,0.0
67,0.8,0.15,0.0,0.05,0.0,0.0,0.0,0.0,0.0,0.0,0.0,0.0,0.0
68,0.45,0.05,0.05,0.45,0.0,0.0,0.0,0.0,0.0,0.0,0.0,0.0,0.0
69,0.35,0.0,0.0,0.6,0.0,0.0,0.05,0.0,0.0,0.0,0.0,0.0,0.0
79,0.1,0.25,0.0,0.45,0.0,0.2,0.0,0.0,0.0,0.0,0.0,0.0,0.0
90,0.45,0.35,0.0,0.1,0.0,0.05,0.0,0.0,0.0,0.0,0.05,0.0,0.0
92,0.15,0.35,0.0,0.1,0.0,0.35,0.0,0.0,0.0,0.0,0.0,0.0,0.05
94,0.2,0.2,0.05,0.4,0.0,0.1,0.0,0.05,0.0,0.0,0.0,0.0,0.0
95,0.4,0.15,0.05,0.25,0.0,0.1,0.0,0.0,0.05,0.0,0.0,0.0,0.0
99,0.5,0.35,0.0,0.1,0.0,0.05,0.0,0.0,0.0,0.0,0.0,0.0,0.0
105,0.25,0.0,0.0,0.75,0.0,0.0,0.0,0.0,0.0,0.0,0.0,0.0,0.0
109,0.35,0.25,0.0,0.0,0.0,0.35,0.05,0.0,0.0,0.0,0.0,0.0,0.0
119,0.35,0.3,0.0,0.15,0.0,0.2,0.0,0.0,0.0,0.0,0.0,0.0,0.0
129,0.35,0.35,0.05,0.05,0.0,0.2,0.0,0.0,0.0,0.0,0.0,0.0,0.0
146,0.1,0.4,0.0,0.25,0.0,0.25,0.0,0.0,0.0,0.0,0.0,0.0,0.0
148,0.1,0.2,0.0,0.3,0.0,0.35,0.0,0.0,0.05,0.0,0.0,0.0,0.0
151,0.75,0.15,0.0,0.05,0.0,0.0,0.0,0.0,0.0,0.0,0.05,0.0,0.0
160,0.1,0.3,0.1,0.15,0.0,0.25,0.05,0.0,0.0,0.0,0.05,0.0,0.0
162,0.75,0.15,0.0,0.0,0.0,0.0,0.05,0.0,0.05,0.0,0.0,0.0,0.0
166,0.4,0.2,0.0,0.3,0.0,0.1,0.0,0.0,0.0,0.0,0.0,0.0,0.0
168,0.5,0.25,0.0,0.2,0.0,0.0,0.0,0.0,0.05,0.0,0.0,0.0,0.0
169,0.35,0.3,0.15,0.1,0.0,0.1,0.0,0.0,0.0,0.0,0.0,0.0,0.0
180,0.55,0.2,0.0,0.25,0.0,0.0,0.0,0.0,0.0,0.0,0.0,0.0,0.0
182,0.65,0.1,0.05,0.2,0.0,0.0,0.0,0.0,0.0,0.0,0.0,0.0,0.0
183,0.2,0.25,0.0,0.45,0.0,0.05,0.0,0.0,0.0,0.0,0.05,0.0,0.0
187,0.6,0.05,0.1,0.15,0.0,0.05,0.0,0.0,0.0,0.0,0.05,0.0,0.0
189,0.35,0.1,0.0,0.3,0.0,0.2,0.0,0.0,0.0,0.0,0.0,0.05,0.0
191,0.1,0.2,0.0,0.4,0.0,0.3,0.0,0.0,0.0,0.0,0.0,0.0,0.0
196,0.05,0.15,0.0,0.3,0.0,0.5,0.0,0.0,0.0,0.0,0.0,0.0,0.0
208,0.15,0.35,0.0,0.5,0.0,0.0,0.0,0.0,0.0,0.0,0.0,0.0,0.0
209,0.2,0.05,0.05,0.2,0.0,0.45,0.0,0.0,0.05,0.0,0.0,0.0,0.0
212,0.95,0.0,0.0,0.05,0.0,0.0,0.0,0.0,0.0,0.0,0.0,0.0,0.0
213,0.55,0.3,0.05,0.1,0.0,0.0,0.0,0.0,0.0,0.0,0.0,0.0,0.0
217,0.75,0.15,0.0,0.0,0.0,0.1,0.0,0.0,0.0,0.0,0.0,0.0,0.0
219,0.6,0.15,0.0,0.05,0.05,0.05,0.05,0.0,0.05,0.0,0.0,0.0,0.0
220,0.35,0.05,0.0,0.55,0.0,0.05,0.0,0.0,0.0,0.0,0.0,0.0,0.0
221,0.75,0.0,0.0,0.15,0.0,0.1,0.0,0.0,0.0,0.0,0.0,0.0,0.0
222,0.4,0.4,0.0,0.0,0.05,0.1,0.05,0.0,0.0,0.0,0.0,0.0,0.0
226,0.3,0.4,0.0,0.0,0.0,0.1,0.05,0.0,0.0,0.15,0.0,0.0,0.0
236,0.6,0.15,0.0,0.2,0.0,0.05,0.0,0.0,0.0,0.0,0.0,0.0,0.0
238,0.15,0.0,0.0,0.6,0.0,0.2,0.0,0.0,0.0,0.0,0.0,0.0,0.05
239,0.1,0.05,0.0,0.5,0.0,0.35,0.0,0.0,0.0,0.0,0.0,0.0,0.0
250,0.65,0.2,0.05,0.0,0.0,0.1,0.0,0.0,0.0,0.0,0.0,0.0,0.0
251,0.15,0.65,0.1,0.1,0.0,0.0,0.0,0.0,0.0,0.0,0.0,0.0,0.0
252,0.55,0.15,0.1,0.15,0.05,0.0,0.0,0.0,0.0,0.0,0.0,0.0,0.0
260,0.65,0.2,0.0,0.05,0.1,0.0,0.0,0.0,0.0,0.0,0.0,0.0,0.0
262,0.35,0.35,0.1,0.2,0.0,0.0,0.0,0.0,0.0,0.0,0.0,0.0,0.0
267,0.1,0.3,0.0,0.4,0.0,0.2,0.0,0.0,0.0,0.0,0.0,0.0,0.0
272,0.35,0.05,0.0,0.6,0.0,0.0,0.0,0.0,0.0,0.0,0.0,0.0,0.0
273,0.45,0.05,0.2,0.3,0.0,0.0,0.0,0.0,0.0,0.0,0.0,0.0,0.0
274,0.7,0.15,0.0,0.15,0.0,0.0,0.0,0.0,0.0,0.0,0.0,0.0,0.0
277,0.35,0.15,0.0,0.3,0.0,0.2,0.0,0.0,0.0,0.0,0.0,0.0,0.0
280,0.5,0.15,0.0,0.2,0.0,0.1,0.0,0.0,0.0,0.0,0.0,0.05,0.0
282,0.35,0.15,0.0,0.25,0.0,0.15,0.0,0.0,0.0,0.0,0.0,0.1,0.0
283,0.75,0.15,0.0,0.05,0.0,0.0,0.0,0.0,0.05,0.0,0.0,0.0,0.0
285,0.7,0.1,0.0,0.1,0.0,0.05,0.05,0.0,0.0,0.0,0.0,0.0,0.0
286,0.2,0.35,0.1,0.15,0.0,0.2,0.0,0.0,0.0,0.0,0.0,0.0,0.0
287,0.25,0.25,0.0,0.05,0.0,0.05,0.0,0.0,0.4,0.0,0.0,0.0,0.0
289,0.35,0.25,0.05,0.2,0.0,0.15,0.0,0.0,0.0,0.0,0.0,0.0,0.0
291,0.6,0.15,0.05,0.2,0.0,0.0,0.0,0.0,0.0,0.0,0.0,0.0,0.0
296,0.25,0.15,0.05,0.35,0.05,0.1,0.0,0.0,0.0,0.05,0.0,0.0,0.0
306,0.35,0.05,0.05,0.55,0.0,0.0,0.0,0.0,0.0,0.0,0.0,0.0,0.0
311,0.15,0.3,0.0,0.15,0.0,0.4,0.0,0.0,0.0,0.0,0.0,0.0,0.0
321,0.15,0.15,0.05,0.1,0.0,0.55,0.0,0.0,0.0,0.0,0.0,0.0,0.0
332,0.4,0.35,0.05,0.15,0.0,0.0,0.05,0.0,0.0,0.0,0.0,0.0,0.0
335,0.0,0.25,0.0,0.7,0.0,0.05,0.0,0.0,0.0,0.0,0.0,0.0,0.0
340,0.5,0.1,0.1,0.15,0.0,0.05,0.1,0.0,0.0,0.0,0.0,0.0,0.0
341,0.2,0.15,0.0,0.1,0.0,0.5,0.0,0.0,0.0,0.0,0.05,0.0,0.0
345,0.8,0.05,0.0,0.15,0.0,0.0,0.0,0.0,0.0,0.0,0.0,0.0,0.0
355,0.2,0.15,0.05,0.5,0.0,0.05,0.0,0.0,0.0,0.0,0.05,0.0,0.0
360,0.4,0.35,0.0,0.15,0.1,0.0,0.0,0.0,0.0,0.0,0.0,0.0,0.0
377,0.3,0.25,0.0,0.3,0.0,0.15,0.0,0.0,0.0,0.0,0.0,0.0,0.0
381,0.45,0.25,0.1,0.05,0.0,0.1,0.05,0.0,0.0,0.0,0.0,0.0,0.0
387,0.15,0.35,0.0,0.4,0.05,0.05,0.0,0.0,0.0,0.0,0.0,0.0,0.0
389,0.25,0.3,0.0,0.15,0.0,0.3,0.0,0.0,0.0,0.0,0.0,0.0,0.0
391,0.3,0.35,0.0,0.2,0.0,0.1,0.0,0.0,0.0,0.0,0.0,0.0,0.05
395,0.45,0.2,0.0,0.2,0.0,0.0,0.0,0.0,0.05,0.0,0.05,0.05,0.0
401,0.45,0.25,0.05,0.25,0.0,0.0,0.0,0.0,0.0,0.0,0.0,0.0,0.0
402,0.25,0.1,0.1,0.3,0.0,0.25,0.0,0.0,0.0,0.0,0.0,0.0,0.0
404,0.85,0.0,0.0,0.15,0.0,0.0,0.0,0.0,0.0,0.0,0.0,0.0,0.0
405,0.55,0.05,0.05,0.3,0.0,0.05,0.0,0.0,0.0,0.0,0.0,0.0,0.0
408,0.85,0.05,0.0,0.1,0.0,0.0,0.0,0.0,0.0,0.0,0.0,0.0,0.0
414,0.55,0.15,0.0,0.2,0.05,0.05,0.0,0.0,0.0,0.0,0.0,0.0,0.0
424,0.1,0.55,0.05,0.2,0.0,0.1,0.0,0.0,0.0,0.0,0.0,0.0,0.0
428,0.1,0.2,0.0,0.45,0.0,0.05,0.0,0.0,0.0,0.0,0.1,0.0,0.1
431,0.35,0.2,0.0,0.1,0.0,0.15,0.05,0.1,0.0,0.0,0.05,0.0,0.0
433,0.15,0.25,0.0,0.35,0.0,0.2,0.05,0.0,0.0,0.0,0.0,0.0,0.0
434,0.1,0.4,0.0,0.3,0.0,0.2,0.0,0.0,0.0,0.0,0.0,0.0,0.0
436,0.1,0.3,0.0,0.35,0.0,0.2,0.05,0.0,0.0,0.0,0.0,0.0,0.0
448,0.1,0.35,0.0,0.45,0.0,0.05,0.05,0.0,0.0,0.0,0.0,0.0,0.0
457,0.75,0.05,0.0,0.1,0.0,0.0,0.05,0.0,0.05,0.0,0.0,0.0,0.0
460,0.8,0.05,0.0,0.05,0.0,0.05,0.0,0.0,0.0,0.05,0.0,0.0,0.0
463,0.35,0.25,0.0,0.25,0.0,0.0,0.15,0.0,0.0,0.0,0.0,0.0,0.0
469,0.0,0.15,0.05,0.55,0.0,0.25,0.0,0.0,0.0,0.0,0.0,0.0,0.0
475,0.3,0.15,0.0,0.2,0.0,0.35,0.0,0.0,0.0,0.0,0.0,0.0,0.0
479,0.55,0.4,0.05,0.0,0.0,0.0,0.0,0.0,0.0,0.0,0.0,0.0,0.0
482,0.3,0.15,0.05,0.35,0.0,0.15,0.0,0.0,0.0,0.0,0.0,0.0,0.0
483,0.25,0.3,0.1,0.3,0.0,0.05,0.0,0.0,0.0,0.0,0.0,0.0,0.0
492,0.25,0.35,0.1,0.1,0.0,0.2,0.0,0.0,0.0,0.0,0.0,0.0,0.0
495,0.65,0.15,0.05,0.1,0.0,0.05,0.0,0.0,0.0,0.0,0.0,0.0,0.0
501,0.25,0.35,0.05,0.25,0.0,0.0,0.0,0.0,0.1,0.0,0.0,0.0,0.0
505,0.55,0.05,0.0,0.4,0.0,0.0,0.0,0.0,0.0,0.0,0.0,0.0,0.0
520,0.05,0.6,0.0,0.15,0.0,0.2,0.0,0.0,0.0,0.0,0.0,0.0,0.0
521,0.2,0.15,0.0,0.55,0.0,0.1,0.0,0.0,0.0,0.0,0.0,0.0,0.0
534,0.2,0.35,0.1,0.3,0.0,0.05,0.0,0.0,0.0,0.0,0.0,0.0,0.0
537,0.6,0.2,0.0,0.2,0.0,0.0,0.0,0.0,0.0,0.0,0.0,0.0,0.0
541,0.25,0.3,0.05,0.4,0.0,0.0,0.0,0.0,0.0,0.0,0.0,0.0,0.0
546,0.4,0.3,0.05,0.15,0.1,0.0,0.0,0.0,0.0,0.0,0.0,0.0,0.0
547,0.25,0.25,0.0,0.2,0.0,0.15,0.0,0.0,0.1,0.0,0.05,0.0,0.0
557,0.45,0.2,0.0,0.25,0.0,0.1,0.0,0.0,0.0,0.0,0.0,0.0,0.0
566,0.3,0.45,0.0,0.1,0.1,0.05,0.0,0.0,0.0,0.0,0.0,0.0,0.0
572,0.3,0.25,0.05,0.3,0.0,0.05,0.0,0.0,0.0,0.0,0.05,0.0,0.0
575,0.45,0.1,0.05,0.35,0.0,0.05,0.0,0.0,0.0,0.0,0.0,0.0,0.0
584,0.4,0.05,0.0,0.25,0.3,0.0,0.0,0.0,0.0,0.0,0.0,0.0,0.0
590,0.6,0.1,0.1,0.05,0.0,0.1,0.0,0.0,0.0,0.0,0.05,0.0,0.0
593,0.3,0.3,0.1,0.3,0.0,0.0,0.0,0.0,0.0,0.0,0.0,0.0,0.0
597,0.5,0.25,0.05,0.2,0.0,0.0,0.0,0.0,0.0,0.0,0.0,0.0,0.0
599,0.45,0.3,0.0,0.25,0.0,0.0,0.0,0.0,0.0,0.0,0.0,0.0,0.0
603,0.9,0.0,0.0,0.05,0.0,0.0,0.0,0.0,0.05,0.0,0.0,0.0,0.0
606,0.5,0.3,0.0,0.1,0.05,0.05,0.0,0.0,0.0,0.0,0.0,0.0,0.0
607,0.1,0.25,0.0,0.4,0.0,0.25,0.0,0.0,0.0,0.0,0.0,0.0,0.0
616,0.5,0.0,0.0,0.5,0.0,0.0,0.0,0.0,0.0,0.0,0.0,0.0,0.0
617,0.25,0.2,0.05,0.4,0.0,0.05,0.0,0.0,0.0,0.05,0.0,0.0,0.0
618,0.1,0.2,0.3,0.3,0.0,0.1,0.0,0.0,0.0,0.0,0.0,0.0,0.0
620,0.4,0.2,0.0,0.15,0.0,0.25,0.0,0.0,0.0,0.0,0.0,0.0,0.0
622,0.2,0.2,0.0,0.25,0.0,0.35,0.0,0.0,0.0,0.0,0.0,0.0,0.0
626,0.35,0.25,0.0,0.15,0.1,0.15,0.0,0.0,0.0,0.0,0.0,0.0,0.0
628,0.65,0.05,0.05,0.25,0.0,0.0,0.0,0.0,0.0,0.0,0.0,0.0,0.0
635,0.15,0.1,0.0,0.25,0.0,0.5,0.0,0.0,0.0,0.0,0.0,0.0,0.0
636,0.1,0.4,0.05,0.4,0.0,0.05,0.0,0.0,0.0,0.0,0.0,0.0,0.0
639,0.15,0.15,0.05,0.5,0.0,0.05,0.0,0.0,0.0,0.0,0.0,0.0,0.1
648,0.35,0.3,0.0,0.2,0.0,0.15,0.0,0.0,0.0,0.0,0.0,0.0,0.0
650,0.5,0.25,0.05,0.1,0.05,0.0,0.0,0.0,0.0,0.0,0.05,0.0,0.0
651,0.4,0.2,0.0,0.15,0.0,0.25,0.0,0.0,0.0,0.0,0.0,0.0,0.0
652,0.35,0.35,0.0,0.3,0.0,0.0,0.0,0.0,0.0,0.0,0.0,0.0,0.0
658,0.0,0.1,0.0,0.4,0.0,0.5,0.0,0.0,0.0,0.0,0.0,0.0,0.0
659,0.1,0.5,0.0,0.0,0.05,0.25,0.05,0.0,0.0,0.0,0.05,0.0,0.0
660,0.45,0.05,0.05,0.25,0.0,0.15,0.0,0.0,0.05,0.0,0.0,0.0,0.0
675,0.0,0.25,0.05,0.6,0.0,0.1,0.0,0.0,0.0,0.0,0.0,0.0,0.0
678,0.1,0.55,0.0,0.35,0.0,0.0,0.0,0.0,0.0,0.0,0.0,0.0,0.0
687,0.2,0.1,0.5,0.2,0.0,0.0,0.0,0.0,0.0,0.0,0.0,0.0,0.0
699,0.3,0.1,0.0,0.4,0.0,0.05,0.0,0.0,0.0,0.0,0.05,0.1,0.0
700,0.25,0.4,0.0,0.3,0.0,0.0,0.0,0.0,0.0,0.0,0.05,0.0,0.0
714,0.1,0.1,0.05,0.65,0.0,0.1,0.0,0.0,0.0,0.0,0.0,0.0,0.0
715,0.45,0.2,0.15,0.2,0.0,0.0,0.0,0.0,0.0,0.0,0.0,0.0,0.0
716,0.15,0.4,0.05,0.3,0.0,0.1,0.0,0.0,0.0,0.0,0.0,0.0,0.0
721,0.3,0.35,0.05,0.25,0.0,0.05,0.0,0.0,0.0,0.0,0.0,0.0,0.0
724,0.7,0.15,0.0,0.15,0.0,0.0,0.0,0.0,0.0,0.0,0.0,0.0,0.0
729,0.05,0.45,0.15,0.2,0.0,0.15,0.0,0.0,0.0,0.0,0.0,0.0,0.0
732,0.2,0.25,0.05,0.05,0.0,0.4,0.0,0.0,0.0,0.0,0.05,0.0,0.0
734,0.25,0.45,0.0,0.2,0.0,0.1,0.0,0.0,0.0,0.0,0.0,0.0,0.0
737,0.15,0.0,0.0,0.85,0.0,0.0,0.0,0.0,0.0,0.0,0.0,0.0,0.0
738,0.45,0.05,0.05,0.45,0.0,0.0,0.0,0.0,0.0,0.0,0.0,0.0,0.0
741,0.35,0.45,0.0,0.2,0.0,0.0,0.0,0.0,0.0,0.0,0.0,0.0,0.0
742,0.3,0.25,0.0,0.3,0.0,0.15,0.0,0.0,0.0,0.0,0.0,0.0,0.0
743,0.0,0.4,0.05,0.3,0.0,0.2,0.0,0.0,0.0,0.0,0.05,0.0,0.0
744,0.8,0.1,0.0,0.1,0.0,0.0,0.0,0.0,0.0,0.0,0.0,0.0,0.0
748,0.8,0.1,0.0,0.1,0.0,0.0,0.0,0.0,0.0,0.0,0.0,0.0,0.0
754,0.15,0.1,0.0,0.35,0.0,0.25,0.0,0.1,0.0,0.0,0.0,0.05,0.0
758,0.3,0.1,0.0,0.25,0.15,0.2,0.0,0.0,0.0,0.0,0.0,0.0,0.0
759,0.1,0.05,0.0,0.35,0.0,0.5,0.0,0.0,0.0,0.0,0.0,0.0,0.0
767,0.0,0.1,0.0,0.6,0.0,0.3,0.0,0.0,0.0,0.0,0.0,0.0,0.0
769,0.05,0.0,0.0,0.9,0.0,0.0,0.0,0.0,0.0,0.0,0.0,0.0,0.05
770,0.0,0.25,0.0,0.25,0.0,0.5,0.0,0.0,0.0,0.0,0.0,0.0,0.0
776,0.3,0.35,0.0,0.05,0.0,0.15,0.0,0.05,0.0,0.0,0.1,0.0,0.0
783,0.55,0.2,0.0,0.2,0.0,0.05,0.0,0.0,0.0,0.0,0.0,0.0,0.0
784,0.45,0.25,0.0,0.1,0.0,0.2,0.0,0.0,0.0,0.0,0.0,0.0,0.0
786,0.2,0.45,0.05,0.2,0.0,0.05,0.05,0.0,0.0,0.0,0.0,0.0,0.0
787,0.5,0.15,0.0,0.2,0.0,0.05,0.05,0.0,0.0,0.0,0.05,0.0,0.0
806,0.6,0.3,0.0,0.1,0.0,0.0,0.0,0.0,0.0,0.0,0.0,0.0,0.0
812,0.65,0.1,0.0,0.2,0.0,0.05,0.0,0.0,0.0,0.0,0.0,0.0,0.0
813,0.45,0.45,0.0,0.1,0.0,0.0,0.0,0.0,0.0,0.0,0.0,0.0,0.0
814,0.35,0.25,0.05,0.1,0.05,0.2,0.0,0.0,0.0,0.0,0.0,0.0,0.0
816,0.15,0.4,0.0,0.15,0.0,0.3,0.0,0.0,0.0,0.0,0.0,0.0,0.0
819,0.55,0.05,0.1,0.3,0.0,0.0,0.0,0.0,0.0,0.0,0.0,0.0,0.0
823,0.15,0.15,0.0,0.7,0.0,0.0,0.0,0.0,0.0,0.0,0.0,0.0,0.0
829,0.35,0.25,0.0,0.15,0.0,0.25,0.0,0.0,0.0,0.0,0.0,0.0,0.0
832,0.45,0.25,0.05,0.05,0.0,0.2,0.0,0.0,0.0,0.0,0.0,0.0,0.0
836,0.35,0.3,0.05,0.3,0.0,0.0,0.0,0.0,0.0,0.0,0.0,0.0,0.0
841,0.4,0.05,0.2,0.35,0.0,0.0,0.0,0.0,0.0,0.0,0.0,0.0,0.0
842,0.05,0.05,0.0,0.4,0.0,0.45,0.0,0.0,0.0,0.0,0.05,0.0,0.0
845,0.05,0.2,0.0,0.55,0.0,0.15,0.0,0.0,0.0,0.0,0.05,0.0,0.0
847,0.5,0.1,0.05,0.3,0.0,0.05,0.0,0.0,0.0,0.0,0.0,0.0,0.0
848,0.5,0.3,0.05,0.1,0.0,0.05,0.0,0.0,0.0,0.0,0.0,0.0,0.0
849,0.7,0.1,0.0,0.2,0.0,0.0,0.0,0.0,0.0,0.0,0.0,0.0,0.0
850,0.4,0.0,0.1,0.5,0.0,0.0,0.0,0.0,0.0,0.0,0.0,0.0,0.0
857,0.55,0.0,0.35,0.1,0.0,0.0,0.0,0.0,0.0,0.0,0.0,0.0,0.0
866,0.75,0.2,0.0,0.05,0.0,0.0,0.0,0.0,0.0,0.0,0.0,0.0,0.0
873,0.4,0.15,0.0,0.2,0.0,0.2,0.05,0.0,0.0,0.0,0.0,0.0,0.0
881,0.4,0.05,0.25,0.2,0.0,0.1,0.0,0.0,0.0,0.0,0.0,0.0,0.0
882,0.45,0.55,0.0,0.0,0.0,0.0,0.0,0.0,0.0,0.0,0.0,0.0,0.0
883,0.45,0.35,0.15,0.05,0.0,0.0,0.0,0.0,0.0,0.0,0.0,0.0,0.0
884,0.15,0.3,0.3,0.25,0.0,0.0,0.0,0.0,0.0,0.0,0.0,0.0,0.0
885,0.6,0.05,0.05,0.3,0.0,0.0,0.0,0.0,0.0,0.0,0.0,0.0,0.0
886,0.3,0.1,0.05,0.55,0.0,0.0,0.0,0.0,0.0,0.0,0.0,0.0,0.0
888,0.3,0.15,0.05,0.25,0.0,0.25,0.0,0.0,0.0,0.0,0.0,0.0,0.0
891,0.3,0.2,0.15,0.25,0.0,0.0,0.0,0.0,0.05,0.0,0.05,0.0,0.0
892,0.0,0.3,0.05,0.4,0.0,0.25,0.0,0.0,0.0,0.0,0.0,0.0,0.0
897,0.05,0.3,0.0,0.05,0.0,0.6,0.0,0.0,0.0,0.0,0.0,0.0,0.0
904,0.6,0.15,0.0,0.2,0.0,0.05,0.0,0.0,0.0,0.0,0.0,0.0,0.0
911,0.1,0.1,0.05,0.25,0.0,0.5,0.0,0.0,0.0,0.0,0.0,0.0,0.0
916,0.15,0.35,0.0,0.3,0.1,0.1,0.0,0.0,0.0,0.0,0.0,0.0,0.0
925,0.45,0.2,0.0,0.2,0.1,0.05,0.0,0.0,0.0,0.0,0.0,0.0,0.0
928,0.55,0.1,0.0,0.3,0.05,0.0,0.0,0.0,0.0,0.0,0.0,0.0,0.0
930,0.3,0.2,0.05,0.3,0.0,0.15,0.0,0.0,0.0,0.0,0.0,0.0,0.0
939,0.25,0.35,0.1,0.25,0.0,0.05,0.0,0.0,0.0,0.0,0.0,0.0,0.0
945,0.25,0.45,0.0,0.1,0.0,0.15,0.0,0.0,0.0,0.0,0.05,0.0,0.0
946,0.45,0.0,0.05,0.5,0.0,0.0,0.0,0.0,0.0,0.0,0.0,0.0,0.0
947,0.3,0.35,0.1,0.2,0.0,0.05,0.0,0.0,0.0,0.0,0.0,0.0,0.0
949,0.35,0.05,0.2,0.4,0.0,0.0,0.0,0.0,0.0,0.0,0.0,0.0,0.0
959,0.7,0.0,0.0,0.2,0.0,0.1,0.0,0.0,0.0,0.0,0.0,0.0,0.0
971,0.3,0.15,0.0,0.3,0.0,0.25,0.0,0.0,0.0,0.0,0.0,0.0,0.0
973,0.05,0.4,0.05,0.35,0.0,0.1,0.05,0.0,0.0,0.0,0.0,0.0,0.0
985,0.35,0.2,0.0,0.35,0.0,0.05,0.0,0.0,0.0,0.0,0.0,0.05,0.0
989,0.25,0.4,0.05,0.3,0.0,0.0,0.0,0.0,0.0,0.0,0.0,0.0,0.0
993,0.8,0.05,0.0,0.1,0.0,0.05,0.0,0.0,0.0,0.0,0.0,0.0,0.0
1004,0.55,0.4,0.05,0.0,0.0,0.0,0.0,0.0,0.0,0.0,0.0,0.0,0.0
1010,0.0,0.2,0.0,0.35,0.0,0.45,0.0,0.0,0.0,0.0,0.0,0.0,0.0
1011,0.1,0.45,0.05,0.35,0.0,0.05,0.0,0.0,0.0,0.0,0.0,0.0,0.0
1014,0.45,0.2,0.1,0.25,0.0,0.0,0.0,0.0,0.0,0.0,0.0,0.0,0.0
1022,0.5,0.2,0.05,0.2,0.0,0.05,0.0,0.0,0.0,0.0,0.0,0.0,0.0
1023,0.05,0.05,0.0,0.55,0.1,0.2,0.0,0.0,0.0,0.0,0.05,0.0,0.0
1032,0.5,0.1,0.0,0.35,0.0,0.05,0.0,0.0,0.0,0.0,0.0,0.0,0.0
1036,0.45,0.0,0.2,0.35,0.0,0.0,0.0,0.0,0.0,0.0,0.0,0.0,0.0
1040,0.25,0.4,0.05,0.2,0.0,0.1,0.0,0.0,0.0,0.0,0.0,0.0,0.0
1041,0.35,0.2,0.1,0.2,0.0,0.1,0.05,0.0,0.0,0.0,0.0,0.0,0.0
1042,0.1,0.2,0.0,0.25,0.0,0.4,0.0,0.0,0.0,0.0,0.0,0.05,0.0
1043,0.25,0.5,0.1,0.0,0.0,0.1,0.0,0.0,0.0,0.0,0.05,0.0,0.0
1044,0.2,0.25,0.0,0.4,0.0,0.1,0.05,0.0,0.0,0.0,0.0,0.0,0.0
1051,0.15,0.3,0.05,0.35,0.0,0.15,0.0,0.0,0.0,0.0,0.0,0.0,0.0
1055,0.1,0.15,0.0,0.4,0.0,0.35,0.0,0.0,0.0,0.0,0.0,0.0,0.0
1056,0.1,0.35,0.05,0.45,0.0,0.0,0.05,0.0,0.0,0.0,0.0,0.0,0.0
1059,0.3,0.25,0.05,0.25,0.05,0.05,0.0,0.0,0.0,0.0,0.05,0.0,0.0
1090,0.4,0.05,0.1,0.45,0.0,0.0,0.0,0.0,0.0,0.0,0.0,0.0,0.0
1092,0.2,0.0,0.4,0.4,0.0,0.0,0.0,0.0,0.0,0.0,0.0,0.0,0.0
1095,0.35,0.2,0.05,0.3,0.0,0.05,0.05,0.0,0.0,0.0,0.0,0.0,0.0
1096,0.7,0.3,0.0,0.0,0.0,0.0,0.0,0.0,0.0,0.0,0.0,0.0,0.0
1098,0.15,0.15,0.1,0.4,0.0,0.15,0.0,0.0,0.0,0.0,0.05,0.0,0.0
1101,0.05,0.4,0.0,0.5,0.0,0.05,0.0,0.0,0.0,0.0,0.0,0.0,0.0
1105,0.3,0.35,0.0,0.35,0.0,0.0,0.0,0.0,0.0,0.0,0.0,0.0,0.0
1109,0.45,0.1,0.1,0.25,0.0,0.1,0.0,0.0,0.0,0.0,0.0,0.0,0.0
1113,0.15,0.3,0.0,0.15,0.0,0.35,0.0,0.0,0.0,0.0,0.0,0.05,0.0
1126,0.15,0.5,0.0,0.15,0.0,0.15,0.05,0.0,0.0,0.0,0.0,0.0,0.0
1133,0.75,0.0,0.0,0.25,0.0,0.0,0.0,0.0,0.0,0.0,0.0,0.0,0.0
1140,0.25,0.45,0.0,0.05,0.1,0.1,0.05,0.0,0.0,0.0,0.0,0.0,0.0
1142,0.25,0.55,0.0,0.05,0.05,0.05,0.05,0.0,0.0,0.0,0.0,0.0,0.0
1149,0.65,0.05,0.1,0.15,0.05,0.0,0.0,0.0,0.0,0.0,0.0,0.0,0.0
1155,0.25,0.35,0.0,0.35,0.0,0.05,0.0,0.0,0.0,0.0,0.0,0.0,0.0
1165,0.25,0.25,0.15,0.3,0.0,0.05,0.0,0.0,0.0,0.0,0.0,0.0,0.0
1167,0.65,0.1,0.0,0.15,0.1,0.0,0.0,0.0,0.0,0.0,0.0,0.0,0.0
1168,0.8,0.15,0.0,0.05,0.0,0.0,0.0,0.0,0.0,0.0,0.0,0.0,0.0
1172,0.25,0.4,0.0,0.25,0.0,0.1,0.0,0.0,0.0,0.0,0.0,0.0,0.0
1173,0.6,0.2,0.05,0.15,0.0,0.0,0.0,0.0,0.0,0.0,0.0,0.0,0.0
1174,0.3,0.2,0.1,0.25,0.0,0.15,0.0,0.0,0.0,0.0,0.0,0.0,0.0
1177,0.45,0.0,0.1,0.45,0.0,0.0,0.0,0.0,0.0,0.0,0.0,0.0,0.0
1186,0.55,0.15,0.0,0.3,0.0,0.0,0.0,0.0,0.0,0.0,0.0,0.0,0.0
1189,0.85,0.05,0.0,0.1,0.0,0.0,0.0,0.0,0.0,0.0,0.0,0.0,0.0
1192,0.1,0.05,0.0,0.55,0.0,0.3,0.0,0.0,0.0,0.0,0.0,0.0,0.0
1194,0.9,0.05,0.0,0.05,0.0,0.0,0.0,0.0,0.0,0.0,0.0,0.0,0.0
1197,0.75,0.25,0.0,0.0,0.0,0.0,0.0,0.0,0.0,0.0,0.0,0.0,0.0
1202,0.25,0.15,0.1,0.5,0.0,0.0,0.0,0.0,0.0,0.0,0.0,0.0,0.0
1203,0.65,0.15,0.05,0.1,0.0,0.05,0.0,0.0,0.0,0.0,0.0,0.0,0.0
1205,0.25,0.25,0.05,0.35,0.0,0.05,0.0,0.0,0.0,0.0,0.05,0.0,0.0
1206,0.4,0.25,0.0,0.3,0.0,0.05,0.0,0.0,0.0,0.0,0.0,0.0,0.0
1211,0.5,0.35,0.05,0.1,0.0,0.0,0.0,0.0,0.0,0.0,0.0,0.0,0.0
1212,0.35,0.05,0.05,0.2,0.0,0.35,0.0,0.0,0.0,0.0,0.0,0.0,0.0
1213,0.5,0.2,0.1,0.1,0.0,0.05,0.0,0.0,0.0,0.0,0.0,0.0,0.05
1214,0.05,0.45,0.0,0.45,0.0,0.05,0.0,0.0,0.0,0.0,0.0,0.0,0.0
1221,0.25,0.2,0.15,0.2,0.0,0.15,0.0,0.0,0.0,0.0,0.05,0.0,0.0
1227,0.3,0.3,0.15,0.2,0.05,0.0,0.0,0.0,0.0,0.0,0.0,0.0,0.0
1231,0.35,0.35,0.05,0.1,0.0,0.15,0.0,0.0,0.0,0.0,0.0,0.0,0.0
1233,0.3,0.15,0.0,0.2,0.0,0.35,0.0,0.0,0.0,0.0,0.0,0.0,0.0
1235,0.4,0.2,0.05,0.35,0.0,0.0,0.0,0.0,0.0,0.0,0.0,0.0,0.0
1237,0.15,0.0,0.45,0.4,0.0,0.0,0.0,0.0,0.0,0.0,0.0,0.0,0.0
1245,0.35,0.1,0.0,0.45,0.0,0.1,0.0,0.0,0.0,0.0,0.0,0.0,0.0
1252,0.55,0.3,0.0,0.1,0.0,0.05,0.0,0.0,0.0,0.0,0.0,0.0,0.0
1254,0.2,0.45,0.05,0.1,0.0,0.15,0.05,0.0,0.0,0.0,0.0,0.0,0.0
1265,0.45,0.0,0.05,0.5,0.0,0.0,0.0,0.0,0.0,0.0,0.0,0.0,0.0
1267,0.2,0.25,0.0,0.4,0.05,0.1,0.0,0.0,0.0,0.0,0.0,0.0,0.0
1276,0.6,0.1,0.1,0.2,0.0,0.0,0.0,0.0,0.0,0.0,0.0,0.0,0.0
1277,0.7,0.05,0.0,0.1,0.1,0.05,0.0,0.0,0.0,0.0,0.0,0.0,0.0
1280,0.1,0.35,0.0,0.2,0.0,0.25,0.1,0.0,0.0,0.0,0.0,0.0,0.0
1297,0.2,0.3,0.0,0.45,0.05,0.0,0.0,0.0,0.0,0.0,0.0,0.0,0.0
1307,0.15,0.0,0.0,0.25,0.0,0.6,0.0,0.0,0.0,0.0,0.0,0.0,0.0
1310,0.4,0.15,0.0,0.45,0.0,0.0,0.0,0.0,0.0,0.0,0.0,0.0,0.0
1312,0.2,0.05,0.1,0.65,0.0,0.0,0.0,0.0,0.0,0.0,0.0,0.0,0.0
1314,0.5,0.4,0.05,0.05,0.0,0.0,0.0,0.0,0.0,0.0,0.0,0.0,0.0
1315,0.15,0.15,0.0,0.6,0.0,0.05,0.05,0.0,0.0,0.0,0.0,0.0,0.0
1318,0.1,0.1,0.0,0.2,0.0,0.6,0.0,0.0,0.0,0.0,0.0,0.0,0.0
1327,0.15,0.25,0.0,0.4,0.05,0.1,0.0,0.0,0.05,0.0,0.0,0.0,0.0
1330,0.1,0.4,0.1,0.15,0.0,0.2,0.0,0.0,0.0,0.0,0.05,0.0,0.0
1333,0.2,0.5,0.0,0.25,0.05,0.0,0.0,0.0,0.0,0.0,0.0,0.0,0.0
1334,0.5,0.3,0.0,0.15,0.05,0.0,0.0,0.0,0.0,0.0,0.0,0.0,0.0
1336,0.05,0.55,0.1,0.15,0.0,0.15,0.0,0.0,0.0,0.0,0.0,0.0,0.0
1339,0.35,0.25,0.15,0.2,0.0,0.05,0.0,0.0,0.0,0.0,0.0,0.0,0.0
1345,0.5,0.45,0.0,0.05,0.0,0.0,0.0,0.0,0.0,0.0,0.0,0.0,0.0
1347,0.1,0.2,0.0,0.25,0.0,0.45,0.0,0.0,0.0,0.0,0.0,0.0,0.0
1352,0.85,0.15,0.0,0.0,0.0,0.0,0.0,0.0,0.0,0.0,0.0,0.0,0.0
1354,0.85,0.05,0.0,0.1,0.0,0.0,0.0,0.0,0.0,0.0,0.0,0.0,0.0
1356,0.15,0.1,0.1,0.65,0.0,0.0,0.0,0.0,0.0,0.0,0.0,0.0,0.0
1368,0.15,0.5,0.0,0.3,0.0,0.05,0.0,0.0,0.0,0.0,0.0,0.0,0.0
1370,0.15,0.2,0.0,0.2,0.0,0.35,0.05,0.0,0.0,0.05,0.0,0.0,0.0
1371,0.45,0.25,0.0,0.1,0.0,0.2,0.0,0.0,0.0,0.0,0.0,0.0,0.0
1377,0.35,0.2,0.05,0.25,0.0,0.1,0.0,0.0,0.0,0.0,0.05,0.0,0.0
1389,0.45,0.25,0.05,0.2,0.0,0.05,0.0,0.0,0.0,0.0,0.0,0.0,0.0
1391,0.35,0.25,0.15,0.15,0.0,0.05,0.0,0.0,0.05,0.0,0.0,0.0,0.0
1395,0.5,0.15,0.0,0.35,0.0,0.0,0.0,0.0,0.0,0.0,0.0,0.0,0.0
1396,0.65,0.0,0.0,0.35,0.0,0.0,0.0,0.0,0.0,0.0,0.0,0.0,0.0
1398,0.55,0.0,0.05,0.4,0.0,0.0,0.0,0.0,0.0,0.0,0.0,0.0,0.0
1412,0.55,0.0,0.0,0.45,0.0,0.0,0.0,0.0,0.0,0.0,0.0,0.0,0.0
1420,0.1,0.1,0.65,0.15,0.0,0.0,0.0,0.0,0.0,0.0,0.0,0.0,0.0
1422,0.65,0.0,0.1,0.25,0.0,0.0,0.0,0.0,0.0,0.0,0.0,0.0,0.0
1434,0.1,0.5,0.0,0.15,0.0,0.2,0.0,0.0,0.0,0.0,0.0,0.0,0.05
1438,0.0,0.1,0.0,0.5,0.0,0.35,0.0,0.0,0.0,0.0,0.0,0.0,0.05
1447,0.65,0.0,0.0,0.35,0.0,0.0,0.0,0.0,0.0,0.0,0.0,0.0,0.0
1453,0.25,0.05,0.1,0.4,0.0,0.15,0.0,0.05,0.0,0.0,0.0,0.0,0.0
1475,0.65,0.15,0.0,0.1,0.05,0.05,0.0,0.0,0.0,0.0,0.0,0.0,0.0
1476,0.25,0.15,0.0,0.25,0.0,0.3,0.05,0.0,0.0,0.0,0.0,0.0,0.0
1485,0.65,0.1,0.1,0.15,0.0,0.0,0.0,0.0,0.0,0.0,0.0,0.0,0.0
1499,0.2,0.3,0.15,0.0,0.0,0.35,0.0,0.0,0.0,0.0,0.0,0.0,0.0
1504,0.5,0.05,0.15,0.25,0.0,0.05,0.0,0.0,0.0,0.0,0.0,0.0,0.0
1505,0.7,0.05,0.05,0.2,0.0,0.0,0.0,0.0,0.0,0.0,0.0,0.0,0.0
1509,0.2,0.25,0.0,0.4,0.0,0.1,0.0,0.0,0.0,0.0,0.0,0.0,0.05
1510,0.15,0.2,0.15,0.2,0.0,0.3,0.0,0.0,0.0,0.0,0.0,0.0,0.0
1517,0.05,0.6,0.0,0.1,0.0,0.25,0.0,0.0,0.0,0.0,0.0,0.0,0.0
1520,0.35,0.15,0.0,0.35,0.0,0.05,0.0,0.0,0.0,0.0,0.1,0.0,0.0
1523,0.3,0.0,0.05,0.5,0.0,0.15,0.0,0.0,0.0,0.0,0.0,0.0,0.0
1525,0.2,0.2,0.0,0.2,0.0,0.2,0.0,0.05,0.1,0.0,0.05,0.0,0.0
1534,0.3,0.15,0.15,0.4,0.0,0.0,0.0,0.0,0.0,0.0,0.0,0.0,0.0
1542,0.1,0.15,0.0,0.4,0.0,0.35,0.0,0.0,0.0,0.0,0.0,0.0,0.0
1543,0.75,0.2,0.0,0.05,0.0,0.0,0.0,0.0,0.0,0.0,0.0,0.0,0.0
1553,0.6,0.2,0.0,0.2,0.0,0.0,0.0,0.0,0.0,0.0,0.0,0.0,0.0
1557,0.65,0.2,0.05,0.1,0.0,0.0,0.0,0.0,0.0,0.0,0.0,0.0,0.0
1562,0.4,0.05,0.0,0.25,0.0,0.3,0.0,0.0,0.0,0.0,0.0,0.0,0.0
1564,0.0,0.2,0.15,0.4,0.0,0.25,0.0,0.0,0.0,0.0,0.0,0.0,0.0
1570,0.25,0.2,0.25,0.2,0.0,0.1,0.0,0.0,0.0,0.0,0.0,0.0,0.0
1574,0.35,0.35,0.0,0.05,0.0,0.25,0.0,0.0,0.0,0.0,0.0,0.0,0.0
1581,0.6,0.1,0.05,0.2,0.0,0.05,0.0,0.0,0.0,0.0,0.0,0.0,0.0
1584,0.25,0.05,0.2,0.5,0.0,0.0,0.0,0.0,0.0,0.0,0.0,0.0,0.0
1591,0.75,0.05,0.05,0.15,0.0,0.0,0.0,0.0,0.0,0.0,0.0,0.0,0.0
1597,0.95,0.0,0.0,0.05,0.0,0.0,0.0,0.0,0.0,0.0,0.0,0.0,0.0
1604,0.45,0.15,0.1,0.25,0.0,0.05,0.0,0.0,0.0,0.0,0.0,0.0,0.0
1609,0.4,0.05,0.1,0.45,0.0,0.0,0.0,0.0,0.0,0.0,0.0,0.0,0.0
1612,0.2,0.0,0.05,0.75,0.0,0.0,0.0,0.0,0.0,0.0,0.0,0.0,0.0
1617,0.4,0.05,0.0,0.55,0.0,0.0,0.0,0.0,0.0,0.0,0.0,0.0,0.0
1623,0.2,0.25,0.1,0.3,0.0,0.15,0.0,0.0,0.0,0.0,0.0,0.0,0.0
1629,0.2,0.2,0.1,0.5,0.0,0.0,0.0,0.0,0.0,0.0,0.0,0.0,0.0
1630,0.2,0.2,0.0,0.3,0.0,0.2,0.0,0.05,0.0,0.0,0.0,0.05,0.0
1636,0.7,0.15,0.0,0.15,0.0,0.0,0.0,0.0,0.0,0.0,0.0,0.0,0.0
1640,0.3,0.0,0.1,0.6,0.0,0.0,0.0,0.0,0.0,0.0,0.0,0.0,0.0
1659,0.05,0.25,0.0,0.45,0.0,0.25,0.0,0.0,0.0,0.0,0.0,0.0,0.0
1676,0.2,0.0,0.2,0.6,0.0,0.0,0.0,0.0,0.0,0.0,0.0,0.0,0.0
1678,0.25,0.0,0.1,0.65,0.0,0.0,0.0,0.0,0.0,0.0,0.0,0.0,0.0
1684,0.3,0.45,0.15,0.05,0.05,0.0,0.0,0.0,0.0,0.0,0.0,0.0,0.0
1691,0.35,0.4,0.0,0.2,0.0,0.05,0.0,0.0,0.0,0.0,0.0,0.0,0.0
1700,0.8,0.15,0.0,0.0,0.0,0.0,0.0,0.0,0.0,0.0,0.0,0.05,0.0
1702,0.5,0.15,0.05,0.25,0.0,0.05,0.0,0.0,0.0,0.0,0.0,0.0,0.0
1704,0.2,0.4,0.05,0.3,0.0,0.05,0.0,0.0,0.0,0.0,0.0,0.0,0.0
1735,0.8,0.15,0.0,0.05,0.0,0.0,0.0,0.0,0.0,0.0,0.0,0.0,0.0
1752,0.5,0.2,0.0,0.3,0.0,0.0,0.0,0.0,0.0,0.0,0.0,0.0,0.0
1755,0.65,0.15,0.05,0.05,0.0,0.0,0.1,0.0,0.0,0.0,0.0,0.0,0.0
1761,0.75,0.15,0.0,0.1,0.0,0.0,0.0,0.0,0.0,0.0,0.0,0.0,0.0
1766,0.25,0.4,0.0,0.25,0.0,0.1,0.0,0.0,0.0,0.0,0.0,0.0,0.0
1768,0.35,0.35,0.0,0.1,0.05,0.05,0.1,0.0,0.0,0.0,0.0,0.0,0.0
1771,0.85,0.1,0.0,0.05,0.0,0.0,0.0,0.0,0.0,0.0,0.0,0.0,0.0
1773,0.9,0.1,0.0,0.0,0.0,0.0,0.0,0.0,0.0,0.0,0.0,0.0,0.0
1779,0.25,0.1,0.0,0.1,0.0,0.3,0.05,0.0,0.05,0.0,0.0,0.15,0.0
1784,0.05,0.25,0.0,0.4,0.0,0.1,0.05,0.0,0.1,0.0,0.05,0.0,0.0
1786,0.35,0.25,0.1,0.1,0.0,0.15,0.0,0.0,0.0,0.0,0.05,0.0,0.0
1798,0.65,0.15,0.1,0.05,0.0,0.05,0.0,0.0,0.0,0.0,0.0,0.0,0.0
1803,0.55,0.25,0.0,0.05,0.0,0.1,0.05,0.0,0.0,0.0,0.0,0.0,0.0
1808,0.65,0.1,0.0,0.2,0.0,0.05,0.0,0.0,0.0,0.0,0.0,0.0,0.0
1816,0.6,0.35,0.05,0.0,0.0,0.0,0.0,0.0,0.0,0.0,0.0,0.0,0.0
1821,0.45,0.45,0.05,0.05,0.0,0.0,0.0,0.0,0.0,0.0,0.0,0.0,0.0
1825,0.65,0.25,0.1,0.0,0.0,0.0,0.0,0.0,0.0,0.0,0.0,0.0,0.0
1826,0.2,0.5,0.15,0.1,0.0,0.05,0.0,0.0,0.0,0.0,0.0,0.0,0.0
1828,0.4,0.25,0.05,0.15,0.0,0.1,0.0,0.0,0.0,0.0,0.0,0.05,0.0
1836,0.65,0.25,0.05,0.0,0.0,0.05,0.0,0.0,0.0,0.0,0.0,0.0,0.0
1837,0.0,0.45,0.25,0.15,0.0,0.1,0.0,0.0,0.0,0.0,0.05,0.0,0.0
1856,0.4,0.25,0.0,0.1,0.0,0.2,0.0,0.0,0.0,0.0,0.0,0.0,0.05
1858,0.15,0.3,0.0,0.1,0.0,0.4,0.0,0.05,0.0,0.0,0.0,0.0,0.0
1874,0.75,0.2,0.05,0.0,0.0,0.0,0.0,0.0,0.0,0.0,0.0,0.0,0.0
1882,0.95,0.05,0.0,0.0,0.0,0.0,0.0,0.0,0.0,0.0,0.0,0.0,0.0
1884,0.2,0.45,0.05,0.2,0.0,0.0,0.0,0.05,0.0,0.0,0.05,0.0,0.0
1885,0.6,0.1,0.25,0.0,0.0,0.0,0.0,0.0,0.05,0.0,0.0,0.0,0.0
1895,0.35,0.15,0.0,0.45,0.0,0.05,0.0,0.0,0.0,0.0,0.0,0.0,0.0
1896,0.4,0.1,0.0,0.45,0.0,0.05,0.0,0.0,0.0,0.0,0.0,0.0,0.0
1904,0.65,0.35,0.0,0.0,0.0,0.0,0.0,0.0,0.0,0.0,0.0,0.0,0.0
1915,0.6,0.15,0.2,0.05,0.0,0.0,0.0,0.0,0.0,0.0,0.0,0.0,0.0
1917,0.35,0.25,0.1,0.15,0.0,0.05,0.0,0.0,0.0,0.0,0.0,0.1,0.0
1918,0.0,0.15,0.0,0.5,0.0,0.25,0.0,0.05,0.0,0.0,0.05,0.0,0.0
1945,0.6,0.05,0.1,0.0,0.0,0.2,0.0,0.0,0.0,0.0,0.05,0.0,0.0
1949,0.7,0.3,0.0,0.0,0.0,0.0,0.0,0.0,0.0,0.0,0.0,0.0,0.0
1960,0.2,0.1,0.05,0.35,0.0,0.2,0.0,0.0,0.0,0.0,0.0,0.1,0.0
1969,0.35,0.3,0.05,0.2,0.0,0.1,0.0,0.0,0.0,0.0,0.0,0.0,0.0
1985,0.6,0.3,0.05,0.0,0.0,0.05,0.0,0.0,0.0,0.0,0.0,0.0,0.0
1987,0.6,0.3,0.1,0.0,0.0,0.0,0.0,0.0,0.0,0.0,0.0,0.0,0.0
1989,0.2,0.35,0.0,0.3,0.0,0.1,0.0,0.0,0.0,0.0,0.05,0.0,0.0
1999,0.55,0.2,0.0,0.05,0.0,0.05,0.0,0.0,0.0,0.0,0.0,0.1,0.05
2013,0.85,0.1,0.0,0.05,0.0,0.0,0.0,0.0,0.0,0.0,0.0,0.0,0.0
2014,0.55,0.2,0.0,0.0,0.0,0.15,0.1,0.0,0.0,0.0,0.0,0.0,0.0
2018,0.1,0.2,0.0,0.2,0.0,0.2,0.0,0.15,0.0,0.0,0.15,0.0,0.0
2020,0.35,0.45,0.1,0.1,0.0,0.0,0.0,0.0,0.0,0.0,0.0,0.0,0.0
2032,0.75,0.1,0.0,0.15,0.0,0.0,0.0,0.0,0.0,0.0,0.0,0.0,0.0
2042,0.5,0.05,0.05,0.05,0.05,0.2,0.0,0.0,0.0,0.0,0.05,0.05,0.0
2061,0.65,0.2,0.1,0.0,0.0,0.0,0.0,0.0,0.05,0.0,0.0,0.0,0.0
2063,0.85,0.0,0.0,0.0,0.1,0.0,0.0,0.0,0.05,0.0,0.0,0.0,0.0
2067,0.15,0.4,0.0,0.0,0.0,0.1,0.0,0.1,0.0,0.0,0.25,0.0,0.0
2074,0.9,0.05,0.0,0.0,0.0,0.0,0.0,0.0,0.0,0.05,0.0,0.0,0.0
2079,0.6,0.2,0.05,0.0,0.0,0.05,0.05,0.05,0.0,0.0,0.0,0.0,0.0
2081,0.55,0.25,0.15,0.0,0.0,0.05,0.0,0.0,0.0,0.0,0.0,0.0,0.0
2087,0.85,0.05,0.0,0.1,0.0,0.0,0.0,0.0,0.0,0.0,0.0,0.0,0.0
2097,0.6,0.25,0.0,0.05,0.1,0.0,0.0,0.0,0.0,0.0,0.0,0.0,0.0
2110,0.05,0.75,0.0,0.15,0.0,0.0,0.0,0.0,0.0,0.0,0.05,0.0,0.0
2119,0.5,0.1,0.0,0.15,0.0,0.1,0.05,0.05,0.0,0.0,0.05,0.0,0.0
2120,0.8,0.2,0.0,0.0,0.0,0.0,0.0,0.0,0.0,0.0,0.0,0.0,0.0
2121,1.0,0.0,0.0,0.0,0.0,0.0,0.0,0.0,0.0,0.0,0.0,0.0,0.0
2126,0.2,0.2,0.0,0.2,0.0,0.4,0.0,0.0,0.0,0.0,0.0,0.0,0.0
2127,0.25,0.5,0.0,0.15,0.0,0.1,0.0,0.0,0.0,0.0,0.0,0.0,0.0
2132,0.65,0.05,0.0,0.25,0.0,0.05,0.0,0.0,0.0,0.0,0.0,0.0,0.0
2140,0.6,0.2,0.0,0.05,0.0,0.1,0.05,0.0,0.0,0.0,0.0,0.0,0.0
2148,0.65,0.1,0.1,0.1,0.0,0.05,0.0,0.0,0.0,0.0,0.0,0.0,0.0
2151,0.2,0.2,0.0,0.25,0.0,0.2,0.0,0.05,0.0,0.0,0.05,0.05,0.0
2152,0.3,0.15,0.05,0.1,0.05,0.3,0.0,0.0,0.0,0.0,0.05,0.0,0.0
2158,1.0,0.0,0.0,0.0,0.0,0.0,0.0,0.0,0.0,0.0,0.0,0.0,0.0
2163,0.45,0.25,0.25,0.0,0.0,0.05,0.0,0.0,0.0,0.0,0.0,0.0,0.0
2165,0.35,0.3,0.0,0.15,0.0,0.1,0.0,0.0,0.0,0.0,0.1,0.0,0.0
2169,0.15,0.5,0.0,0.05,0.0,0.25,0.0,0.0,0.0,0.05,0.0,0.0,0.0
2179,0.55,0.2,0.1,0.05,0.0,0.0,0.05,0.0,0.0,0.0,0.05,0.0,0.0
2184,0.6,0.25,0.0,0.1,0.0,0.0,0.0,0.0,0.0,0.05,0.0,0.0,0.0
2207,0.7,0.15,0.1,0.0,0.0,0.0,0.05,0.0,0.0,0.0,0.0,0.0,0.0
2213,0.65,0.15,0.0,0.05,0.0,0.1,0.05,0.0,0.0,0.0,0.0,0.0,0.0
2225,0.55,0.1,0.0,0.15,0.05,0.1,0.05,0.0,0.0,0.0,0.0,0.0,0.0
2231,0.55,0.2,0.0,0.05,0.05,0.05,0.05,0.0,0.0,0.05,0.0,0.0,0.0
2232,0.5,0.25,0.15,0.0,0.0,0.05,0.0,0.0,0.0,0.05,0.0,0.0,0.0
2233,0.45,0.35,0.0,0.0,0.0,0.15,0.0,0.0,0.05,0.0,0.0,0.0,0.0
2235,0.3,0.35,0.0,0.35,0.0,0.0,0.0,0.0,0.0,0.0,0.0,0.0,0.0
2242,0.9,0.1,0.0,0.0,0.0,0.0,0.0,0.0,0.0,0.0,0.0,0.0,0.0
2244,0.25,0.45,0.0,0.1,0.0,0.0,0.0,0.15,0.0,0.0,0.05,0.0,0.0
2255,1.0,0.0,0.0,0.0,0.0,0.0,0.0,0.0,0.0,0.0,0.0,0.0,0.0
2258,0.85,0.05,0.05,0.05,0.0,0.0,0.0,0.0,0.0,0.0,0.0,0.0,0.0
2262,0.1,0.35,0.0,0.05,0.0,0.45,0.0,0.05,0.0,0.0,0.0,0.0,0.0
2274,0.7,0.3,0.0,0.0,0.0,0.0,0.0,0.0,0.0,0.0,0.0,0.0,0.0
2278,0.05,0.55,0.05,0.15,0.0,0.15,0.0,0.05,0.0,0.0,0.0,0.0,0.0
2284,0.7,0.25,0.05,0.0,0.0,0.0,0.0,0.0,0.0,0.0,0.0,0.0,0.0
2287,0.2,0.25,0.0,0.05,0.0,0.25,0.0,0.05,0.0,0.0,0.15,0.05,0.0
2289,0.2,0.1,0.0,0.35,0.0,0.15,0.0,0.0,0.0,0.0,0.0,0.2,0.0
2290,0.75,0.15,0.0,0.05,0.0,0.0,0.0,0.0,0.0,0.0,0.05,0.0,0.0
2301,0.6,0.25,0.0,0.15,0.0,0.0,0.0,0.0,0.0,0.0,0.0,0.0,0.0
2306,0.5,0.3,0.0,0.0,0.0,0.2,0.0,0.0,0.0,0.0,0.0,0.0,0.0
2312,0.35,0.45,0.05,0.15,0.0,0.0,0.0,0.0,0.0,0.0,0.0,0.0,0.0
2330,0.7,0.2,0.0,0.0,0.0,0.0,0.0,0.0,0.1,0.0,0.0,0.0,0.0
2332,0.4,0.5,0.05,0.0,0.0,0.0,0.0,0.0,0.0,0.0,0.05,0.0,0.0
2334,0.65,0.2,0.0,0.0,0.1,0.0,0.05,0.0,0.0,0.0,0.0,0.0,0.0
2345,0.8,0.2,0.0,0.0,0.0,0.0,0.0,0.0,0.0,0.0,0.0,0.0,0.0
2349,0.85,0.1,0.05,0.0,0.0,0.0,0.0,0.0,0.0,0.0,0.0,0.0,0.0
2353,0.15,0.3,0.0,0.25,0.0,0.1,0.05,0.0,0.0,0.0,0.15,0.0,0.0
2360,0.95,0.0,0.05,0.0,0.0,0.0,0.0,0.0,0.0,0.0,0.0,0.0,0.0
2369,0.3,0.35,0.0,0.15,0.0,0.15,0.05,0.0,0.0,0.0,0.0,0.0,0.0
2370,0.45,0.4,0.0,0.15,0.0,0.0,0.0,0.0,0.0,0.0,0.0,0.0,0.0
2371,0.4,0.3,0.0,0.2,0.0,0.1,0.0,0.0,0.0,0.0,0.0,0.0,0.0
2372,0.1,0.35,0.0,0.35,0.0,0.05,0.0,0.0,0.0,0.0,0.1,0.05,0.0
2376,0.45,0.15,0.25,0.1,0.0,0.05,0.0,0.0,0.0,0.0,0.0,0.0,0.0
2377,0.55,0.3,0.1,0.0,0.05,0.0,0.0,0.0,0.0,0.0,0.0,0.0,0.0
2382,0.05,0.4,0.0,0.15,0.0,0.25,0.0,0.05,0.0,0.0,0.0,0.0,0.1
2391,0.75,0.1,0.05,0.1,0.0,0.0,0.0,0.0,0.0,0.0,0.0,0.0,0.0
2396,0.5,0.2,0.0,0.15,0.05,0.1,0.0,0.0,0.0,0.0,0.0,0.0,0.0
2399,0.6,0.3,0.05,0.05,0.0,0.0,0.0,0.0,0.0,0.0,0.0,0.0,0.0
2406,0.8,0.2,0.0,0.0,0.0,0.0,0.0,0.0,0.0,0.0,0.0,0.0,0.0
2410,0.15,0.05,0.0,0.1,0.2,0.3,0.0,0.05,0.0,0.0,0.15,0.0,0.0
2413,0.8,0.1,0.0,0.05,0.0,0.0,0.05,0.0,0.0,0.0,0.0,0.0,0.0
2414,0.15,0.3,0.05,0.0,0.0,0.5,0.0,0.0,0.0,0.0,0.0,0.0,0.0
2416,0.55,0.4,0.0,0.05,0.0,0.0,0.0,0.0,0.0,0.0,0.0,0.0,0.0
2420,0.2,0.55,0.0,0.2,0.0,0.0,0.05,0.0,0.0,0.0,0.0,0.0,0.0
2424,0.35,0.15,0.0,0.25,0.0,0.0,0.0,0.2,0.0,0.0,0.05,0.0,0.0
2448,0.35,0.35,0.0,0.25,0.0,0.0,0.05,0.0,0.0,0.0,0.0,0.0,0.0
2468,0.55,0.05,0.0,0.1,0.0,0.2,0.0,0.05,0.0,0.0,0.05,0.0,0.0
2476,0.9,0.05,0.0,0.05,0.0,0.0,0.0,0.0,0.0,0.0,0.0,0.0,0.0
2483,1.0,0.0,0.0,0.0,0.0,0.0,0.0,0.0,0.0,0.0,0.0,0.0,0.0
2484,0.95,0.05,0.0,0.0,0.0,0.0,0.0,0.0,0.0,0.0,0.0,0.0,0.0
2485,0.95,0.05,0.0,0.0,0.0,0.0,0.0,0.0,0.0,0.0,0.0,0.0,0.0
2488,0.7,0.05,0.1,0.05,0.0,0.0,0.0,0.0,0.0,0.0,0.1,0.0,0.0
2494,0.6,0.05,0.0,0.2,0.0,0.15,0.0,0.0,0.0,0.0,0.0,0.0,0.0
2504,0.9,0.05,0.05,0.0,0.0,0.0,0.0,0.0,0.0,0.0,0.0,0.0,0.0
2510,0.6,0.3,0.05,0.05,0.0,0.0,0.0,0.0,0.0,0.0,0.0,0.0,0.0
2515,0.6,0.25,0.0,0.15,0.0,0.0,0.0,0.0,0.0,0.0,0.0,0.0,0.0
2520,0.4,0.25,0.1,0.2,0.0,0.05,0.0,0.0,0.0,0.0,0.0,0.0,0.0
2533,0.85,0.1,0.0,0.05,0.0,0.0,0.0,0.0,0.0,0.0,0.0,0.0,0.0
2541,0.25,0.55,0.0,0.2,0.0,0.0,0.0,0.0,0.0,0.0,0.0,0.0,0.0
2542,0.8,0.15,0.0,0.0,0.0,0.0,0.05,0.0,0.0,0.0,0.0,0.0,0.0
2545,0.4,0.45,0.0,0.05,0.0,0.1,0.0,0.0,0.0,0.0,0.0,0.0,0.0
2547,0.3,0.35,0.3,0.05,0.0,0.0,0.0,0.0,0.0,0.0,0.0,0.0,0.0
2551,0.75,0.15,0.1,0.0,0.0,0.0,0.0,0.0,0.0,0.0,0.0,0.0,0.0
2556,0.9,0.05,0.05,0.0,0.0,0.0,0.0,0.0,0.0,0.0,0.0,0.0,0.0
2564,0.1,0.0,0.0,0.4,0.0,0.1,0.0,0.15,0.0,0.0,0.0,0.25,0.0
2577,0.25,0.6,0.15,0.0,0.0,0.0,0.0,0.0,0.0,0.0,0.0,0.0,0.0
2580,0.45,0.45,0.1,0.0,0.0,0.0,0.0,0.0,0.0,0.0,0.0,0.0,0.0
2581,0.55,0.15,0.05,0.1,0.0,0.0,0.05,0.0,0.0,0.05,0.05,0.0,0.0
2588,0.65,0.25,0.05,0.0,0.0,0.0,0.05,0.0,0.0,0.0,0.0,0.0,0.0
2596,0.85,0.05,0.0,0.05,0.0,0.0,0.0,0.0,0.0,0.0,0.0,0.05,0.0
2614,0.75,0.15,0.1,0.0,0.0,0.0,0.0,0.0,0.0,0.0,0.0,0.0,0.0
2619,0.25,0.3,0.05,0.05,0.15,0.15,0.0,0.0,0.0,0.0,0.05,0.0,0.0
2620,0.45,0.5,0.0,0.05,0.0,0.0,0.0,0.0,0.0,0.0,0.0,0.0,0.0
2622,0.6,0.25,0.05,0.1,0.0,0.0,0.0,0.0,0.0,0.0,0.0,0.0,0.0
2623,0.0,0.25,0.0,0.0,0.0,0.65,0.0,0.1,0.0,0.0,0.0,0.0,0.0
2631,0.2,0.4,0.0,0.0,0.0,0.25,0.0,0.15,0.0,0.0,0.0,0.0,0.0
2639,0.65,0.3,0.0,0.05,0.0,0.0,0.0,0.0,0.0,0.0,0.0,0.0,0.0
2647,0.5,0.15,0.15,0.05,0.0,0.15,0.0,0.0,0.0,0.0,0.0,0.0,0.0
2651,0.85,0.1,0.0,0.05,0.0,0.0,0.0,0.0,0.0,0.0,0.0,0.0,0.0
2654,0.6,0.2,0.15,0.0,0.0,0.0,0.0,0.0,0.0,0.0,0.05,0.0,0.0
2655,0.65,0.1,0.05,0.15,0.0,0.05,0.0,0.0,0.0,0.0,0.0,0.0,0.0
2656,0.55,0.25,0.0,0.1,0.0,0.0,0.0,0.0,0.0,0.0,0.0,0.1,0.0
2661,0.2,0.1,0.05,0.2,0.05,0.15,0.0,0.15,0.0,0.0,0.1,0.0,0.0
2673,0.85,0.0,0.0,0.1,0.0,0.0,0.0,0.0,0.0,0.0,0.0,0.05,0.0
2675,0.9,0.0,0.05,0.0,0.0,0.0,0.0,0.0,0.0,0.0,0.0,0.05,0.0
2696,0.85,0.15,0.0,0.0,0.0,0.0,0.0,0.0,0.0,0.0,0.0,0.0,0.0
2698,0.8,0.15,0.0,0.0,0.0,0.05,0.0,0.0,0.0,0.0,0.0,0.0,0.0
2704,0.35,0.1,0.0,0.1,0.0,0.2,0.0,0.1,0.0,0.0,0.1,0.05,0.0
2708,0.8,0.1,0.0,0.1,0.0,0.0,0.0,0.0,0.0,0.0,0.0,0.0,0.0
2711,0.5,0.1,0.0,0.1,0.0,0.2,0.0,0.0,0.0,0.0,0.0,0.0,0.1
2725,0.35,0.45,0.2,0.0,0.0,0.0,0.0,0.0,0.0,0.0,0.0,0.0,0.0
2726,0.55,0.45,0.0,0.0,0.0,0.0,0.0,0.0,0.0,0.0,0.0,0.0,0.0
2737,0.25,0.2,0.1,0.25,0.0,0.15,0.0,0.0,0.0,0.0,0.05,0.0,0.0
2742,0.65,0.05,0.05,0.1,0.0,0.05,0.0,0.0,0.0,0.05,0.0,0.0,0.05
2743,0.3,0.55,0.05,0.0,0.0,0.0,0.0,0.0,0.0,0.05,0.05,0.0,0.0
2744,0.55,0.15,0.15,0.1,0.0,0.05,0.0,0.0,0.0,0.0,0.0,0.0,0.0
2745,0.95,0.05,0.0,0.0,0.0,0.0,0.0,0.0,0.0,0.0,0.0,0.0,0.0
2746,0.9,0.1,0.0,0.0,0.0,0.0,0.0,0.0,0.0,0.0,0.0,0.0,0.0
2747,0.65,0.15,0.1,0.1,0.0,0.0,0.0,0.0,0.0,0.0,0.0,0.0,0.0
2757,0.0,0.3,0.0,0.2,0.1,0.1,0.05,0.1,0.0,0.0,0.05,0.1,0.0
2762,0.5,0.2,0.0,0.25,0.0,0.05,0.0,0.0,0.0,0.0,0.0,0.0,0.0
2780,0.5,0.25,0.0,0.05,0.05,0.05,0.0,0.1,0.0,0.0,0.0,0.0,0.0
2791,0.3,0.0,0.0,0.5,0.0,0.0,0.0,0.1,0.0,0.0,0.0,0.0,0.1
2792,0.5,0.3,0.1,0.0,0.0,0.1,0.0,0.0,0.0,0.0,0.0,0.0,0.0
2809,0.85,0.1,0.05,0.0,0.0,0.0,0.0,0.0,0.0,0.0,0.0,0.0,0.0
2812,1.0,0.0,0.0,0.0,0.0,0.0,0.0,0.0,0.0,0.0,0.0,0.0,0.0
2816,0.8,0.15,0.05,0.0,0.0,0.0,0.0,0.0,0.0,0.0,0.0,0.0,0.0
2821,0.35,0.45,0.0,0.05,0.0,0.15,0.0,0.0,0.0,0.0,0.0,0.0,0.0
2825,0.7,0.25,0.0,0.0,0.0,0.0,0.0,0.0,0.0,0.0,0.0,0.05,0.0
2830,0.5,0.4,0.05,0.0,0.0,0.0,0.05,0.0,0.0,0.0,0.0,0.0,0.0
2834,0.25,0.6,0.15,0.0,0.0,0.0,0.0,0.0,0.0,0.0,0.0,0.0,0.0
2851,0.3,0.35,0.0,0.1,0.0,0.1,0.0,0.1,0.0,0.0,0.05,0.0,0.0
2852,0.45,0.45,0.05,0.0,0.0,0.0,0.0,0.0,0.0,0.05,0.0,0.0,0.0
2857,0.3,0.35,0.0,0.1,0.0,0.0,0.0,0.15,0.0,0.0,0.1,0.0,0.0
2862,1.0,0.0,0.0,0.0,0.0,0.0,0.0,0.0,0.0,0.0,0.0,0.0,0.0
2865,0.65,0.1,0.0,0.1,0.0,0.0,0.05,0.0,0.0,0.1,0.0,0.0,0.0
2867,0.85,0.05,0.0,0.05,0.0,0.0,0.0,0.0,0.05,0.0,0.0,0.0,0.0
2868,0.45,0.15,0.0,0.2,0.0,0.2,0.0,0.0,0.0,0.0,0.0,0.0,0.0
2873,0.85,0.1,0.0,0.0,0.0,0.0,0.0,0.0,0.0,0.05,0.0,0.0,0.0
2879,0.8,0.2,0.0,0.0,0.0,0.0,0.0,0.0,0.0,0.0,0.0,0.0,0.0
2883,0.6,0.15,0.0,0.25,0.0,0.0,0.0,0.0,0.0,0.0,0.0,0.0,0.0
2884,0.95,0.05,0.0,0.0,0.0,0.0,0.0,0.0,0.0,0.0,0.0,0.0,0.0
2886,0.55,0.1,0.05,0.1,0.0,0.0,0.0,0.0,0.0,0.2,0.0,0.0,0.0
2887,0.55,0.1,0.15,0.05,0.0,0.0,0.0,0.0,0.0,0.15,0.0,0.0,0.0
2902,0.2,0.5,0.05,0.05,0.0,0.15,0.0,0.05,0.0,0.0,0.0,0.0,0.0
2905,0.25,0.45,0.0,0.05,0.0,0.0,0.0,0.1,0.0,0.0,0.15,0.0,0.0
2912,0.4,0.3,0.0,0.1,0.0,0.0,0.1,0.0,0.05,0.05,0.0,0.0,0.0
2926,0.35,0.4,0.05,0.05,0.0,0.05,0.0,0.0,0.0,0.0,0.1,0.0,0.0
2928,0.05,0.45,0.0,0.1,0.0,0.3,0.0,0.05,0.0,0.0,0.0,0.05,0.0
2936,0.0,0.35,0.05,0.15,0.0,0.35,0.0,0.05,0.0,0.0,0.05,0.0,0.0
2937,0.2,0.35,0.05,0.25,0.0,0.15,0.0,0.0,0.0,0.0,0.0,0.0,0.0
2939,0.25,0.25,0.1,0.25,0.0,0.1,0.0,0.0,0.0,0.0,0.05,0.0,0.0
2942,0.45,0.45,0.0,0.0,0.0,0.0,0.0,0.0,0.0,0.1,0.0,0.0,0.0
2944,0.2,0.6,0.15,0.05,0.0,0.0,0.0,0.0,0.0,0.0,0.0,0.0,0.0
2949,0.9,0.05,0.0,0.05,0.0,0.0,0.0,0.0,0.0,0.0,0.0,0.0,0.0
2951,0.95,0.05,0.0,0.0,0.0,0.0,0.0,0.0,0.0,0.0,0.0,0.0,0.0
2953,0.3,0.25,0.0,0.15,0.0,0.3,0.0,0.0,0.0,0.0,0.0,0.0,0.0
2954,0.75,0.25,0.0,0.0,0.0,0.0,0.0,0.0,0.0,0.0,0.0,0.0,0.0
2960,0.35,0.35,0.0,0.15,0.0,0.05,0.0,0.0,0.0,0.0,0.1,0.0,0.0
2962,0.95,0.0,0.0,0.0,0.0,0.0,0.0,0.0,0.0,0.0,0.0,0.05,0.0
2969,0.75,0.1,0.0,0.1,0.0,0.0,0.0,0.0,0.0,0.05,0.0,0.0,0.0
2974,0.35,0.25,0.0,0.15,0.0,0.0,0.0,0.0,0.0,0.0,0.25,0.0,0.0
2979,0.75,0.15,0.0,0.0,0.0,0.1,0.0,0.0,0.0,0.0,0.0,0.0,0.0
2982,0.8,0.0,0.0,0.05,0.05,0.1,0.0,0.0,0.0,0.0,0.0,0.0,0.0
2986,0.25,0.5,0.0,0.15,0.0,0.1,0.0,0.0,0.0,0.0,0.0,0.0,0.0
2991,0.5,0.4,0.05,0.05,0.0,0.0,0.0,0.0,0.0,0.0,0.0,0.0,0.0
2998,0.4,0.2,0.1,0.1,0.0,0.0,0.1,0.0,0.0,0.0,0.1,0.0,0.0
2999,0.8,0.2,0.0,0.0,0.0,0.0,0.0,0.0,0.0,0.0,0.0,0.0,0.0
3001,0.55,0.35,0.05,0.0,0.0,0.05,0.0,0.0,0.0,0.0,0.0,0.0,0.0
3003,0.7,0.2,0.05,0.05,0.0,0.0,0.0,0.0,0.0,0.0,0.0,0.0,0.0
3018,0.95,0.05,0.0,0.0,0.0,0.0,0.0,0.0,0.0,0.0,0.0,0.0,0.0
3040,0.55,0.2,0.05,0.1,0.0,0.05,0.05,0.0,0.0,0.0,0.0,0.0,0.0
3044,0.25,0.35,0.05,0.2,0.0,0.1,0.05,0.0,0.0,0.0,0.0,0.0,0.0
3049,0.6,0.2,0.1,0.1,0.0,0.0,0.0,0.0,0.0,0.0,0.0,0.0,0.0
3061,0.45,0.35,0.05,0.05,0.1,0.0,0.0,0.0,0.0,0.0,0.0,0.0,0.0
3071,0.95,0.0,0.0,0.05,0.0,0.0,0.0,0.0,0.0,0.0,0.0,0.0,0.0
3074,0.95,0.05,0.0,0.0,0.0,0.0,0.0,0.0,0.0,0.0,0.0,0.0,0.0
3076,0.7,0.25,0.05,0.0,0.0,0.0,0.0,0.0,0.0,0.0,0.0,0.0,0.0
3077,0.05,0.15,0.0,0.2,0.0,0.2,0.0,0.2,0.0,0.0,0.1,0.05,0.05
3079,0.1,0.65,0.05,0.05,0.0,0.05,0.0,0.0,0.0,0.0,0.1,0.0,0.0
3084,0.75,0.1,0.05,0.05,0.0,0.0,0.0,0.0,0.0,0.0,0.05,0.0,0.0
3091,0.2,0.3,0.05,0.25,0.0,0.2,0.0,0.0,0.0,0.0,0.0,0.0,0.0
3093,0.2,0.25,0.0,0.45,0.0,0.05,0.0,0.0,0.0,0.0,0.05,0.0,0.0
3095,0.3,0.7,0.0,0.0,0.0,0.0,0.0,0.0,0.0,0.0,0.0,0.0,0.0
3101,0.9,0.0,0.0,0.1,0.0,0.0,0.0,0.0,0.0,0.0,0.0,0.0,0.0
3103,0.8,0.05,0.0,0.1,0.0,0.0,0.0,0.0,0.05,0.0,0.0,0.0,0.0
3113,0.7,0.1,0.1,0.1,0.0,0.0,0.0,0.0,0.0,0.0,0.0,0.0,0.0
3115,0.8,0.15,0.0,0.0,0.0,0.0,0.0,0.0,0.05,0.0,0.0,0.0,0.0
3118,0.8,0.05,0.05,0.0,0.05,0.0,0.0,0.0,0.05,0.0,0.0,0.0,0.0
3119,0.65,0.1,0.15,0.05,0.0,0.05,0.0,0.0,0.0,0.0,0.0,0.0,0.0
3121,0.35,0.1,0.05,0.2,0.0,0.0,0.0,0.0,0.0,0.0,0.3,0.0,0.0
3136,0.55,0.35,0.05,0.0,0.0,0.0,0.05,0.0,0.0,0.0,0.0,0.0,0.0
3137,0.05,0.4,0.1,0.1,0.0,0.25,0.0,0.0,0.0,0.0,0.0,0.1,0.0
3139,0.85,0.15,0.0,0.0,0.0,0.0,0.0,0.0,0.0,0.0,0.0,0.0,0.0
3147,0.9,0.05,0.0,0.0,0.0,0.0,0.0,0.0,0.0,0.0,0.0,0.05,0.0
3160,0.5,0.3,0.0,0.0,0.0,0.0,0.0,0.15,0.0,0.0,0.05,0.0,0.0
3161,0.05,0.35,0.05,0.05,0.0,0.2,0.0,0.0,0.0,0.0,0.3,0.0,0.0
3170,0.15,0.2,0.0,0.15,0.0,0.15,0.0,0.25,0.0,0.0,0.0,0.1,0.0
3171,0.75,0.05,0.1,0.0,0.0,0.05,0.0,0.0,0.0,0.0,0.0,0.05,0.0
3177,0.5,0.05,0.05,0.2,0.0,0.2,0.0,0.0,0.0,0.0,0.0,0.0,0.0
3180,0.65,0.2,0.05,0.0,0.1,0.0,0.0,0.0,0.0,0.0,0.0,0.0,0.0
3183,0.25,0.25,0.0,0.1,0.0,0.2,0.2,0.0,0.0,0.0,0.0,0.0,0.0
3187,0.95,0.0,0.05,0.0,0.0,0.0,0.0,0.0,0.0,0.0,0.0,0.0,0.0
3198,0.25,0.6,0.0,0.1,0.0,0.05,0.0,0.0,0.0,0.0,0.0,0.0,0.0
3201,0.9,0.05,0.05,0.0,0.0,0.0,0.0,0.0,0.0,0.0,0.0,0.0,0.0
3219,0.65,0.3,0.0,0.0,0.0,0.0,0.0,0.0,0.0,0.05,0.0,0.0,0.0
3221,0.85,0.0,0.05,0.1,0.0,0.0,0.0,0.0,0.0,0.0,0.0,0.0,0.0
3224,0.65,0.25,0.05,0.05,0.0,0.0,0.0,0.0,0.0,0.0,0.0,0.0,0.0
3233,0.55,0.2,0.1,0.15,0.0,0.0,0.0,0.0,0.0,0.0,0.0,0.0,0.0
3235,0.6,0.25,0.05,0.1,0.0,0.0,0.0,0.0,0.0,0.0,0.0,0.0,0.0
3251,0.8,0.1,0.05,0.05,0.0,0.0,0.0,0.0,0.0,0.0,0.0,0.0,0.0
3256,0.15,0.45,0.0,0.15,0.0,0.05,0.1,0.0,0.0,0.1,0.0,0.0,0.0
3267,0.55,0.1,0.0,0.05,0.0,0.15,0.0,0.1,0.0,0.0,0.0,0.05,0.0
3272,0.9,0.1,0.0,0.0,0.0,0.0,0.0,0.0,0.0,0.0,0.0,0.0,0.0
3276,0.6,0.4,0.0,0.0,0.0,0.0,0.0,0.0,0.0,0.0,0.0,0.0,0.0
3279,0.55,0.3,0.1,0.0,0.0,0.0,0.05,0.0,0.0,0.0,0.0,0.0,0.0
3286,0.75,0.15,0.0,0.05,0.0,0.0,0.0,0.0,0.0,0.0,0.0,0.05,0.0
3291,0.35,0.2,0.0,0.1,0.0,0.2,0.0,0.0,0.0,0.0,0.1,0.05,0.0
3295,0.35,0.15,0.1,0.05,0.0,0.1,0.0,0.05,0.0,0.0,0.2,0.0,0.0
3297,0.1,0.35,0.0,0.25,0.0,0.3,0.0,0.0,0.0,0.0,0.0,0.0,0.0
3311,0.5,0.05,0.0,0.15,0.1,0.05,0.0,0.05,0.0,0.0,0.1,0.0,0.0
3359,0.15,0.6,0.0,0.15,0.0,0.05,0.0,0.05,0.0,0.0,0.0,0.0,0.0
3366,0.1,0.25,0.1,0.3,0.0,0.2,0.05,0.0,0.0,0.0,0.0,0.0,0.0
3368,0.85,0.15,0.0,0.0,0.0,0.0,0.0,0.0,0.0,0.0,0.0,0.0,0.0
3379,0.0,0.2,0.0,0.25,0.0,0.5,0.0,0.05,0.0,0.0,0.0,0.0,0.0
3382,0.55,0.25,0.0,0.0,0.05,0.0,0.05,0.1,0.0,0.0,0.0,0.0,0.0
3383,0.8,0.05,0.05,0.05,0.0,0.0,0.0,0.0,0.0,0.0,0.0,0.05,0.0
3398,0.35,0.35,0.05,0.2,0.0,0.0,0.0,0.0,0.0,0.0,0.0,0.05,0.0
3405,0.4,0.35,0.0,0.2,0.0,0.0,0.0,0.0,0.05,0.0,0.0,0.0,0.0
3413,0.45,0.3,0.0,0.25,0.0,0.0,0.0,0.0,0.0,0.0,0.0,0.0,0.0
3417,0.1,0.0,0.05,0.25,0.0,0.35,0.15,0.0,0.05,0.0,0.0,0.05,0.0
3451,0.0,0.2,0.0,0.35,0.05,0.1,0.0,0.05,0.0,0.0,0.1,0.15,0.0
3456,0.0,0.05,0.0,0.4,0.0,0.05,0.0,0.35,0.0,0.0,0.05,0.1,0.0
3459,0.95,0.05,0.0,0.0,0.0,0.0,0.0,0.0,0.0,0.0,0.0,0.0,0.0
3462,0.15,0.2,0.0,0.35,0.05,0.0,0.0,0.2,0.0,0.0,0.05,0.0,0.0
3475,0.2,0.6,0.1,0.0,0.0,0.05,0.0,0.0,0.05,0.0,0.0,0.0,0.0
3483,0.6,0.15,0.05,0.1,0.0,0.1,0.0,0.0,0.0,0.0,0.0,0.0,0.0
3485,0.4,0.2,0.0,0.15,0.0,0.25,0.0,0.0,0.0,0.0,0.0,0.0,0.0
3496,0.1,0.1,0.0,0.25,0.0,0.05,0.0,0.3,0.0,0.0,0.2,0.0,0.0
3497,0.6,0.05,0.1,0.25,0.0,0.0,0.0,0.0,0.0,0.0,0.0,0.0,0.0
3498,0.6,0.2,0.0,0.05,0.0,0.15,0.0,0.0,0.0,0.0,0.0,0.0,0.0
3499,0.75,0.15,0.0,0.1,0.0,0.0,0.0,0.0,0.0,0.0,0.0,0.0,0.0
3506,0.05,0.15,0.1,0.45,0.0,0.25,0.0,0.0,0.0,0.0,0.0,0.0,0.0
3518,0.9,0.1,0.0,0.0,0.0,0.0,0.0,0.0,0.0,0.0,0.0,0.0,0.0
3521,0.55,0.05,0.0,0.2,0.0,0.15,0.0,0.0,0.0,0.05,0.0,0.0,0.0
3527,0.45,0.3,0.15,0.0,0.05,0.05,0.0,0.0,0.0,0.0,0.0,0.0,0.0
3561,0.85,0.15,0.0,0.0,0.0,0.0,0.0,0.0,0.0,0.0,0.0,0.0,0.0
3563,0.9,0.05,0.0,0.05,0.0,0.0,0.0,0.0,0.0,0.0,0.0,0.0,0.0
3570,0.95,0.0,0.0,0.05,0.0,0.0,0.0,0.0,0.0,0.0,0.0,0.0,0.0
3584,0.65,0.25,0.0,0.05,0.0,0.0,0.0,0.0,0.0,0.05,0.0,0.0,0.0
3590,0.8,0.2,0.0,0.0,0.0,0.0,0.0,0.0,0.0,0.0,0.0,0.0,0.0
3595,0.2,0.15,0.0,0.0,0.0,0.6,0.0,0.05,0.0,0.0,0.0,0.0,0.0
3598,0.9,0.1,0.0,0.0,0.0,0.0,0.0,0.0,0.0,0.0,0.0,0.0,0.0
3600,0.8,0.0,0.15,0.05,0.0,0.0,0.0,0.0,0.0,0.0,0.0,0.0,0.0
3602,0.45,0.2,0.05,0.3,0.0,0.0,0.0,0.0,0.0,0.0,0.0,0.0,0.0
3605,0.75,0.25,0.0,0.0,0.0,0.0,0.0,0.0,0.0,0.0,0.0,0.0,0.0
3608,0.1,0.45,0.05,0.3,0.0,0.1,0.0,0.0,0.0,0.0,0.0,0.0,0.0
3610,0.7,0.2,0.0,0.05,0.05,0.0,0.0,0.0,0.0,0.0,0.0,0.0,0.0
3614,0.35,0.1,0.05,0.05,0.0,0.25,0.0,0.0,0.0,0.0,0.2,0.0,0.0
3615,0.95,0.05,0.0,0.0,0.0,0.0,0.0,0.0,0.0,0.0,0.0,0.0,0.0
3616,0.75,0.1,0.0,0.05,0.05,0.0,0.0,0.0,0.0,0.0,0.0,0.05,0.0
3622,1.0,0.0,0.0,0.0,0.0,0.0,0.0,0.0,0.0,0.0,0.0,0.0,0.0
3624,0.6,0.1,0.05,0.05,0.0,0.05,0.0,0.15,0.0,0.0,0.0,0.0,0.0
3630,0.75,0.15,0.0,0.0,0.0,0.0,0.0,0.0,0.0,0.0,0.0,0.1,0.0
3634,0.85,0.05,0.05,0.0,0.0,0.0,0.0,0.0,0.0,0.0,0.0,0.05,0.0
3645,0.0,0.0,0.0,0.8,0.0,0.0,0.0,0.0,0.0,0.0,0.0,0.0,0.2
3656,0.0,0.05,0.0,0.95,0.0,0.0,0.0,0.0,0.0,0.0,0.0,0.0,0.0
3660,0.0,0.0,0.0,0.8,0.0,0.0,0.0,0.0,0.0,0.0,0.0,0.0,0.2
3665,0.0,0.0,0.0,0.9,0.0,0.0,0.0,0.05,0.0,0.0,0.0,0.0,0.05
3677,0.0,0.0,0.0,0.65,0.05,0.0,0.0,0.0,0.0,0.0,0.0,0.0,0.3
3678,0.0,0.0,0.0,0.8,0.0,0.0,0.0,0.0,0.0,0.0,0.0,0.0,0.2
3679,0.0,0.0,0.0,0.85,0.0,0.0,0.0,0.0,0.0,0.0,0.0,0.0,0.15
3684,0.0,0.0,0.0,0.65,0.0,0.0,0.0,0.0,0.0,0.0,0.0,0.0,0.35
3690,0.0,0.0,0.0,0.4,0.0,0.0,0.0,0.0,0.0,0.0,0.0,0.0,0.6
3697,0.0,0.0,0.0,0.55,0.0,0.0,0.0,0.0,0.0,0.0,0.15,0.0,0.3
3700,0.0,0.0,0.0,0.4,0.0,0.0,0.0,0.1,0.0,0.0,0.05,0.0,0.45
3707,0.0,0.0,0.0,1.0,0.0,0.0,0.0,0.0,0.0,0.0,0.0,0.0,0.0
3711,0.0,0.0,0.0,0.5,0.0,0.0,0.0,0.0,0.0,0.0,0.0,0.0,0.5
3712,0.0,0.0,0.0,0.55,0.0,0.0,0.0,0.0,0.0,0.0,0.0,0.0,0.45
3720,0.0,0.0,0.0,0.95,0.0,0.0,0.0,0.0,0.0,0.0,0.0,0.0,0.05
3726,0.0,0.15,0.0,0.85,0.0,0.0,0.0,0.0,0.0,0.0,0.0,0.0,0.0
3729,0.0,0.0,0.0,1.0,0.0,0.0,0.0,0.0,0.0,0.0,0.0,0.0,0.0
3738,0.0,0.0,0.0,0.15,0.0,0.0,0.0,0.0,0.0,0.0,0.0,0.0,0.85
3752,0.15,0.05,0.0,0.8,0.0,0.0,0.0,0.0,0.0,0.0,0.0,0.0,0.0
3758,0.0,0.0,0.0,0.8,0.0,0.0,0.0,0.0,0.0,0.0,0.0,0.0,0.2
3759,0.0,0.0,0.0,0.7,0.0,0.0,0.0,0.0,0.0,0.0,0.0,0.0,0.3
3760,0.0,0.0,0.0,0.65,0.0,0.0,0.0,0.0,0.0,0.0,0.0,0.0,0.35
3773,0.0,0.0,0.0,0.65,0.0,0.0,0.0,0.0,0.0,0.0,0.1,0.0,0.25
3774,0.0,0.0,0.0,0.95,0.0,0.0,0.0,0.0,0.0,0.0,0.0,0.0,0.05
3788,0.0,0.0,0.0,0.95,0.0,0.0,0.0,0.0,0.0,0.0,0.0,0.0,0.05
3792,0.0,0.05,0.0,0.9,0.0,0.0,0.0,0.0,0.05,0.0,0.0,0.0,0.0
3801,0.05,0.0,0.0,0.6,0.0,0.0,0.05,0.0,0.0,0.0,0.0,0.0,0.3
3804,0.0,0.0,0.0,0.9,0.0,0.0,0.0,0.0,0.0,0.0,0.0,0.0,0.1
3809,0.2,0.0,0.0,0.75,0.0,0.0,0.0,0.0,0.0,0.0,0.0,0.0,0.05
3811,0.0,0.0,0.0,0.9,0.0,0.0,0.0,0.0,0.0,0.0,0.0,0.0,0.1
3812,0.0,0.0,0.0,0.8,0.0,0.0,0.0,0.0,0.0,0.0,0.0,0.0,0.2
3817,0.0,0.0,0.0,1.0,0.0,0.0,0.0,0.0,0.0,0.0,0.0,0.0,0.0
3835,0.0,0.0,0.0,0.95,0.0,0.0,0.0,0.0,0.0,0.0,0.0,0.0,0.05
3836,0.0,0.0,0.0,0.95,0.0,0.0,0.0,0.0,0.0,0.0,0.0,0.0,0.05
3838,0.0,0.0,0.0,0.95,0.0,0.0,0.0,0.0,0.0,0.0,0.0,0.0,0.05
3846,0.0,0.0,0.0,0.85,0.0,0.0,0.0,0.0,0.0,0.0,0.0,0.0,0.15
3855,0.05,0.0,0.0,0.85,0.0,0.0,0.0,0.0,0.0,0.0,0.0,0.0,0.1
3861,0.0,0.0,0.0,0.9,0.0,0.0,0.0,0.0,0.0,0.0,0.0,0.0,0.1
3862,0.0,0.0,0.0,1.0,0.0,0.0,0.0,0.0,0.0,0.0,0.0,0.0,0.0
3871,0.0,0.0,0.0,0.65,0.0,0.05,0.0,0.0,0.0,0.0,0.0,0.0,0.3
3872,0.0,0.0,0.0,0.9,0.0,0.0,0.0,0.0,0.0,0.0,0.0,0.0,0.1
3876,0.0,0.0,0.0,0.9,0.0,0.0,0.0,0.0,0.0,0.0,0.0,0.0,0.1
3881,0.0,0.0,0.0,0.9,0.0,0.0,0.0,0.0,0.0,0.0,0.0,0.0,0.1
3889,0.0,0.0,0.0,0.9,0.0,0.0,0.0,0.0,0.0,0.0,0.0,0.0,0.1
3893,0.0,0.0,0.0,1.0,0.0,0.0,0.0,0.0,0.0,0.0,0.0,0.0,0.0
3909,0.0,0.0,0.0,0.95,0.0,0.0,0.0,0.0,0.0,0.0,0.0,0.0,0.05
3914,0.0,0.0,0.0,1.0,0.0,0.0,0.0,0.0,0.0,0.0,0.0,0.0,0.0
3931,0.0,0.0,0.0,0.95,0.0,0.0,0.0,0.0,0.0,0.0,0.0,0.0,0.05
3932,0.0,0.0,0.0,0.7,0.0,0.0,0.0,0.0,0.0,0.0,0.05,0.0,0.25
3933,0.05,0.0,0.0,0.8,0.0,0.0,0.0,0.0,0.0,0.0,0.0,0.0,0.15
3935,0.0,0.0,0.0,0.9,0.0,0.0,0.0,0.0,0.0,0.0,0.0,0.0,0.1
3937,0.0,0.0,0.0,0.65,0.0,0.0,0.0,0.0,0.0,0.0,0.0,0.0,0.35
3940,0.0,0.0,0.0,1.0,0.0,0.0,0.0,0.0,0.0,0.0,0.0,0.0,0.0
3941,0.0,0.0,0.0,1.0,0.0,0.0,0.0,0.0,0.0,0.0,0.0,0.0,0.0
3944,0.0,0.0,0.0,0.4,0.0,0.0,0.0,0.35,0.0,0.0,0.1,0.0,0.15
3949,0.0,0.0,0.0,0.95,0.0,0.0,0.0,0.0,0.0,0.0,0.0,0.0,0.05
3968,0.0,0.0,0.0,1.0,0.0,0.0,0.0,0.0,0.0,0.0,0.0,0.0,0.0
3969,0.0,0.0,0.0,1.0,0.0,0.0,0.0,0.0,0.0,0.0,0.0,0.0,0.0
3975,0.0,0.0,0.0,0.5,0.0,0.0,0.0,0.0,0.0,0.0,0.0,0.0,0.5
3983,0.0,0.0,0.0,0.95,0.0,0.0,0.0,0.0,0.0,0.0,0.0,0.0,0.05
3989,0.0,0.25,0.0,0.5,0.0,0.0,0.0,0.1,0.0,0.0,0.05,0.0,0.1
3990,0.0,0.0,0.0,0.3,0.0,0.0,0.0,0.1,0.0,0.0,0.2,0.0,0.4
3998,0.0,0.0,0.0,0.95,0.0,0.0,0.0,0.0,0.0,0.0,0.0,0.0,0.05
4002,0.0,0.0,0.0,0.85,0.0,0.0,0.0,0.0,0.0,0.0,0.0,0.0,0.15
4003,0.0,0.0,0.0,1.0,0.0,0.0,0.0,0.0,0.0,0.0,0.0,0.0,0.0
4006,0.0,0.0,0.0,0.8,0.0,0.0,0.0,0.0,0.0,0.0,0.0,0.0,0.2
4011,0.0,0.0,0.0,1.0,0.0,0.0,0.0,0.0,0.0,0.0,0.0,0.0,0.0
4018,0.0,0.0,0.0,0.9,0.0,0.0,0.0,0.0,0.0,0.0,0.0,0.0,0.1
4020,0.0,0.0,0.0,0.75,0.0,0.0,0.0,0.0,0.0,0.0,0.05,0.0,0.2
4038,0.0,0.0,0.0,0.85,0.0,0.0,0.0,0.05,0.0,0.0,0.0,0.0,0.1
4039,0.0,0.0,0.0,0.45,0.0,0.0,0.0,0.1,0.0,0.0,0.0,0.0,0.45
4042,0.0,0.0,0.0,1.0,0.0,0.0,0.0,0.0,0.0,0.0,0.0,0.0,0.0
4044,0.0,0.0,0.0,1.0,0.0,0.0,0.0,0.0,0.0,0.0,0.0,0.0,0.0
4049,0.0,0.0,0.0,0.75,0.0,0.0,0.0,0.0,0.0,0.0,0.0,0.0,0.25
4058,0.0,0.0,0.0,0.85,0.0,0.0,0.0,0.15,0.0,0.0,0.0,0.0,0.0
4060,0.0,0.0,0.0,0.55,0.0,0.0,0.0,0.0,0.0,0.0,0.05,0.0,0.4
4061,0.0,0.0,0.0,0.85,0.0,0.0,0.0,0.0,0.0,0.0,0.0,0.0,0.15
4069,0.0,0.05,0.0,0.3,0.0,0.0,0.0,0.0,0.0,0.0,0.0,0.0,0.65
4070,0.0,0.05,0.0,0.65,0.0,0.0,0.0,0.0,0.0,0.0,0.0,0.0,0.3
4071,0.0,0.1,0.0,0.5,0.0,0.0,0.0,0.0,0.0,0.0,0.0,0.0,0.4
4089,0.0,0.0,0.0,1.0,0.0,0.0,0.0,0.0,0.0,0.0,0.0,0.0,0.0
4115,0.05,0.0,0.0,0.85,0.0,0.0,0.0,0.0,0.0,0.0,0.0,0.0,0.1
4116,0.0,0.0,0.0,0.85,0.0,0.0,0.0,0.0,0.0,0.0,0.0,0.0,0.15
4117,0.0,0.0,0.0,0.85,0.0,0.0,0.0,0.0,0.0,0.0,0.0,0.0,0.15
4118,0.0,0.0,0.0,0.8,0.0,0.0,0.0,0.0,0.0,0.0,0.0,0.0,0.2
4121,0.15,0.0,0.0,0.8,0.0,0.0,0.0,0.0,0.0,0.0,0.0,0.0,0.05
4122,0.05,0.0,0.0,0.85,0.0,0.0,0.0,0.0,0.0,0.0,0.05,0.0,0.05
4123,0.0,0.0,0.0,0.85,0.0,0.0,0.0,0.1,0.0,0.0,0.0,0.0,0.05
4124,0.0,0.0,0.0,0.8,0.0,0.0,0.0,0.1,0.0,0.0,0.0,0.0,0.1
4125,0.0,0.0,0.0,0.65,0.0,0.0,0.0,0.0,0.0,0.0,0.0,0.0,0.35
4126,0.0,0.0,0.0,0.75,0.0,0.0,0.0,0.0,0.0,0.0,0.0,0.0,0.25
4133,0.0,0.0,0.0,0.75,0.0,0.0,0.0,0.0,0.0,0.0,0.0,0.0,0.25
4134,0.0,0.0,0.0,0.7,0.0,0.0,0.0,0.0,0.0,0.0,0.0,0.0,0.3
4136,0.0,0.0,0.0,0.95,0.0,0.0,0.0,0.0,0.0,0.0,0.0,0.0,0.05
4137,0.0,0.0,0.0,0.85,0.0,0.0,0.0,0.0,0.0,0.0,0.0,0.0,0.15
4139,0.0,0.0,0.0,0.8,0.0,0.0,0.0,0.0,0.0,0.0,0.0,0.0,0.2
4141,0.0,0.0,0.0,0.8,0.0,0.0,0.0,0.0,0.0,0.0,0.0,0.0,0.2
4143,0.0,0.05,0.0,0.75,0.0,0.0,0.0,0.0,0.0,0.0,0.0,0.0,0.2
4145,0.0,0.05,0.0,0.85,0.0,0.0,0.0,0.0,0.0,0.0,0.0,0.0,0.1
4148,0.05,0.1,0.0,0.7,0.0,0.0,0.0,0.0,0.0,0.0,0.0,0.0,0.15
4150,0.0,0.0,0.0,0.95,0.0,0.0,0.0,0.0,0.0,0.0,0.0,0.0,0.05
4154,0.0,0.0,0.0,1.0,0.0,0.0,0.0,0.0,0.0,0.0,0.0,0.0,0.0
4155,0.0,0.0,0.0,0.9,0.0,0.0,0.0,0.0,0.0,0.0,0.0,0.0,0.1
4161,0.0,0.0,0.0,0.75,0.05,0.0,0.0,0.0,0.0,0.0,0.1,0.0,0.1
4165,0.05,0.0,0.0,0.9,0.0,0.0,0.0,0.0,0.0,0.0,0.0,0.0,0.05
4171,0.0,0.0,0.0,1.0,0.0,0.0,0.0,0.0,0.0,0.0,0.0,0.0,0.0
4172,0.0,0.0,0.0,0.8,0.0,0.0,0.0,0.0,0.0,0.0,0.0,0.0,0.2
4173,0.0,0.0,0.0,0.65,0.0,0.0,0.0,0.0,0.0,0.0,0.05,0.0,0.3
4182,0.0,0.0,0.0,0.9,0.0,0.0,0.0,0.0,0.0,0.0,0.0,0.0,0.1
4183,0.0,0.0,0.0,0.85,0.0,0.0,0.0,0.0,0.0,0.0,0.0,0.0,0.15
4197,0.0,0.0,0.0,0.95,0.0,0.0,0.0,0.0,0.0,0.0,0.0,0.0,0.05
4200,0.0,0.0,0.0,0.9,0.0,0.0,0.0,0.0,0.0,0.0,0.0,0.0,0.1
4210,0.0,0.0,0.0,1.0,0.0,0.0,0.0,0.0,0.0,0.0,0.0,0.0,0.0
4229,0.0,0.0,0.0,0.95,0.0,0.0,0.0,0.0,0.0,0.0,0.0,0.0,0.05
4230,0.0,0.0,0.0,0.9,0.0,0.0,0.0,0.0,0.0,0.0,0.0,0.0,0.1
4236,0.0,0.0,0.0,0.85,0.0,0.0,0.0,0.0,0.0,0.0,0.0,0.0,0.15
4240,0.0,0.0,0.0,1.0,0.0,0.0,0.0,0.0,0.0,0.0,0.0,0.0,0.0
4259,0.05,0.05,0.0,0.45,0.0,0.0,0.0,0.0,0.0,0.0,0.0,0.0,0.45
4260,0.0,0.05,0.0,0.25,0.0,0.0,0.0,0.0,0.0,0.0,0.0,0.0,0.7
4261,0.05,0.0,0.0,0.7,0.0,0.0,0.0,0.0,0.0,0.0,0.0,0.0,0.25
4266,0.0,0.0,0.0,0.7,0.0,0.0,0.0,0.0,0.0,0.0,0.0,0.0,0.3
4268,0.0,0.0,0.0,0.9,0.0,0.0,0.0,0.0,0.0,0.0,0.0,0.0,0.1
4272,0.0,0.0,0.0,1.0,0.0,0.0,0.0,0.0,0.0,0.0,0.0,0.0,0.0
4280,0.05,0.0,0.0,0.95,0.0,0.0,0.0,0.0,0.0,0.0,0.0,0.0,0.0
4289,0.0,0.0,0.0,0.4,0.0,0.0,0.0,0.0,0.0,0.0,0.0,0.0,0.6
4290,0.0,0.0,0.0,0.6,0.0,0.0,0.0,0.25,0.0,0.0,0.15,0.0,0.0
4302,0.0,0.0,0.0,1.0,0.0,0.0,0.0,0.0,0.0,0.0,0.0,0.0,0.0
4303,0.0,0.0,0.0,0.95,0.0,0.0,0.0,0.0,0.0,0.0,0.0,0.0,0.05
4313,0.0,0.0,0.0,0.9,0.0,0.0,0.1,0.0,0.0,0.0,0.0,0.0,0.0
4321,0.0,0.0,0.0,0.75,0.0,0.0,0.0,0.0,0.0,0.0,0.0,0.0,0.25
4325,0.0,0.0,0.0,0.95,0.0,0.0,0.0,0.0,0.0,0.0,0.0,0.0,0.05
4326,0.05,0.0,0.0,0.95,0.0,0.0,0.0,0.0,0.0,0.0,0.0,0.0,0.0
4328,0.0,0.0,0.0,1.0,0.0,0.0,0.0,0.0,0.0,0.0,0.0,0.0,0.0
4329,0.0,0.0,0.0,0.85,0.0,0.0,0.0,0.1,0.0,0.0,0.0,0.0,0.05
4346,0.0,0.0,0.0,0.9,0.0,0.0,0.0,0.0,0.0,0.0,0.0,0.0,0.1
4349,0.0,0.0,0.0,0.75,0.0,0.0,0.0,0.0,0.0,0.0,0.0,0.0,0.25
4350,0.0,0.0,0.0,0.85,0.0,0.0,0.0,0.0,0.0,0.0,0.0,0.0,0.15
4359,0.0,0.0,0.0,0.9,0.0,0.0,0.0,0.0,0.0,0.0,0.0,0.0,0.1
4365,0.0,0.0,0.0,0.8,0.0,0.0,0.0,0.0,0.0,0.0,0.0,0.0,0.2
4366,0.0,0.0,0.0,0.85,0.0,0.0,0.0,0.0,0.0,0.0,0.0,0.0,0.15
4367,0.0,0.0,0.0,1.0,0.0,0.0,0.0,0.0,0.0,0.0,0.0,0.0,0.0
4369,0.0,0.05,0.0,0.9,0.0,0.0,0.0,0.0,0.0,0.0,0.0,0.0,0.05
4370,0.0,0.0,0.0,1.0,0.0,0.0,0.0,0.0,0.0,0.0,0.0,0.0,0.0
4371,0.0,0.1,0.0,0.15,0.0,0.0,0.0,0.05,0.0,0.0,0.05,0.0,0.65
4372,0.0,0.0,0.0,0.5,0.0,0.0,0.0,0.05,0.0,0.0,0.0,0.0,0.45
4374,0.05,0.05,0.0,0.65,0.0,0.0,0.0,0.0,0.0,0.0,0.0,0.0,0.25
4389,0.0,0.0,0.0,0.95,0.0,0.0,0.0,0.0,0.0,0.0,0.0,0.0,0.05
4390,0.0,0.0,0.0,0.6,0.0,0.0,0.0,0.0,0.0,0.0,0.0,0.0,0.4
4391,0.0,0.0,0.0,0.95,0.0,0.0,0.0,0.0,0.0,0.0,0.0,0.0,0.05
4392,0.0,0.0,0.0,0.85,0.0,0.0,0.0,0.0,0.0,0.0,0.05,0.0,0.1
4394,0.0,0.0,0.0,0.95,0.0,0.0,0.0,0.0,0.0,0.0,0.0,0.0,0.05
4395,0.0,0.0,0.0,0.3,0.0,0.0,0.0,0.0,0.0,0.0,0.0,0.0,0.7
4397,0.0,0.0,0.0,0.25,0.0,0.0,0.0,0.0,0.0,0.0,0.0,0.0,0.75
4403,0.0,0.0,0.0,0.2,0.0,0.0,0.0,0.0,0.0,0.0,0.0,0.0,0.8
4404,0.0,0.0,0.0,0.85,0.0,0.0,0.0,0.0,0.0,0.0,0.0,0.0,0.15
4408,0.0,0.0,0.0,1.0,0.0,0.0,0.0,0.0,0.0,0.0,0.0,0.0,0.0
4415,0.0,0.0,0.0,0.85,0.0,0.0,0.0,0.0,0.0,0.0,0.0,0.0,0.15
4417,0.0,0.0,0.0,0.8,0.0,0.0,0.0,0.0,0.0,0.0,0.0,0.0,0.2
4418,0.0,0.0,0.0,0.9,0.0,0.0,0.0,0.0,0.0,0.0,0.0,0.0,0.1
4419,0.0,0.0,0.0,0.75,0.0,0.0,0.0,0.0,0.0,0.0,0.0,0.0,0.25
4422,0.0,0.05,0.0,0.9,0.0,0.0,0.0,0.0,0.0,0.0,0.0,0.0,0.05
4426,0.0,0.0,0.0,0.9,0.0,0.0,0.0,0.0,0.0,0.0,0.0,0.0,0.1
4428,0.0,0.05,0.0,0.95,0.0,0.0,0.0,0.0,0.0,0.0,0.0,0.0,0.0
4437,0.0,0.0,0.0,0.9,0.0,0.0,0.05,0.0,0.0,0.0,0.0,0.0,0.05
4438,0.0,0.0,0.0,1.0,0.0,0.0,0.0,0.0,0.0,0.0,0.0,0.0,0.0
4439,0.0,0.0,0.0,0.8,0.0,0.0,0.0,0.0,0.0,0.0,0.0,0.0,0.2
4440,0.0,0.0,0.0,0.85,0.0,0.0,0.0,0.0,0.0,0.0,0.0,0.0,0.15
4442,0.0,0.0,0.0,0.85,0.0,0.0,0.0,0.0,0.0,0.0,0.0,0.0,0.15
4452,0.0,0.0,0.0,0.9,0.0,0.0,0.0,0.0,0.0,0.0,0.0,0.0,0.1
4454,0.0,0.0,0.0,0.8,0.0,0.0,0.0,0.0,0.0,0.0,0.0,0.0,0.2
4457,0.0,0.0,0.0,0.9,0.0,0.0,0.0,0.0,0.0,0.0,0.0,0.0,0.1
4462,0.05,0.0,0.0,0.95,0.0,0.0,0.0,0.0,0.0,0.0,0.0,0.0,0.0
4478,0.05,0.0,0.0,0.6,0.0,0.0,0.0,0.0,0.0,0.0,0.0,0.0,0.35
4483,0.0,0.0,0.0,0.95,0.0,0.0,0.0,0.05,0.0,0.0,0.0,0.0,0.0
4496,0.0,0.0,0.0,0.85,0.0,0.0,0.0,0.0,0.0,0.0,0.0,0.0,0.15
4505,0.0,0.0,0.0,1.0,0.0,0.0,0.0,0.0,0.0,0.0,0.0,0.0,0.0
4512,0.0,0.0,0.0,0.9,0.0,0.0,0.05,0.0,0.0,0.0,0.0,0.0,0.05
4529,0.0,0.05,0.0,0.9,0.0,0.0,0.0,0.0,0.0,0.0,0.0,0.0,0.05
4538,0.1,0.05,0.0,0.25,0.0,0.0,0.0,0.0,0.0,0.0,0.0,0.0,0.6
4539,0.0,0.0,0.0,0.85,0.0,0.0,0.0,0.0,0.0,0.0,0.0,0.0,0.15
4540,0.0,0.0,0.0,0.65,0.0,0.0,0.0,0.0,0.0,0.0,0.0,0.0,0.35
4541,0.0,0.0,0.0,0.85,0.0,0.0,0.0,0.0,0.0,0.0,0.0,0.0,0.15
4542,0.0,0.0,0.0,0.9,0.0,0.0,0.0,0.0,0.0,0.0,0.0,0.0,0.1
4544,0.05,0.0,0.0,0.95,0.0,0.0,0.0,0.0,0.0,0.0,0.0,0.0,0.0
4566,0.0,0.0,0.0,0.9,0.0,0.0,0.0,0.05,0.0,0.0,0.0,0.0,0.05
4569,0.0,0.0,0.0,0.8,0.0,0.0,0.0,0.0,0.0,0.0,0.0,0.0,0.2
4572,0.0,0.0,0.0,1.0,0.0,0.0,0.0,0.0,0.0,0.0,0.0,0.0,0.0
4574,0.0,0.0,0.0,1.0,0.0,0.0,0.0,0.0,0.0,0.0,0.0,0.0,0.0
4575,0.0,0.0,0.0,1.0,0.0,0.0,0.0,0.0,0.0,0.0,0.0,0.0,0.0
4580,0.0,0.0,0.0,0.9,0.0,0.0,0.0,0.0,0.0,0.0,0.0,0.0,0.1
4589,0.0,0.0,0.0,1.0,0.0,0.0,0.0,0.0,0.0,0.0,0.0,0.0,0.0
4590,0.0,0.0,0.0,1.0,0.0,0.0,0.0,0.0,0.0,0.0,0.0,0.0,0.0
4599,0.0,0.0,0.0,1.0,0.0,0.0,0.0,0.0,0.0,0.0,0.0,0.0,0.0
4601,0.0,0.0,0.0,0.65,0.0,0.0,0.0,0.0,0.0,0.0,0.0,0.0,0.35
4602,0.0,0.0,0.0,0.7,0.0,0.0,0.0,0.0,0.0,0.0,0.0,0.0,0.3
4606,0.0,0.0,0.0,0.65,0.0,0.0,0.0,0.0,0.0,0.0,0.0,0.0,0.35
4609,0.0,0.0,0.0,0.95,0.0,0.0,0.0,0.0,0.0,0.0,0.0,0.0,0.05
4612,0.0,0.0,0.0,1.0,0.0,0.0,0.0,0.0,0.0,0.0,0.0,0.0,0.0
4614,0.0,0.0,0.0,0.9,0.0,0.0,0.0,0.0,0.0,0.0,0.0,0.0,0.1
4633,0.1,0.0,0.0,0.9,0.0,0.0,0.0,0.0,0.0,0.0,0.0,0.0,0.0
4644,0.0,0.0,0.0,0.7,0.0,0.0,0.0,0.0,0.0,0.0,0.05,0.0,0.25
4648,0.0,0.0,0.0,0.9,0.0,0.0,0.0,0.0,0.0,0.0,0.1,0.0,0.0
4651,0.0,0.0,0.0,0.85,0.0,0.0,0.0,0.0,0.0,0.0,0.0,0.0,0.15
4662,0.0,0.0,0.0,0.9,0.0,0.0,0.0,0.0,0.0,0.0,0.0,0.0,0.1
4682,0.0,0.0,0.0,0.7,0.0,0.0,0.0,0.0,0.0,0.0,0.0,0.0,0.3
4686,0.0,0.0,0.0,1.0,0.0,0.0,0.0,0.0,0.0,0.0,0.0,0.0,0.0
4689,0.0,0.0,0.0,1.0,0.0,0.0,0.0,0.0,0.0,0.0,0.0,0.0,0.0
4695,0.0,0.0,0.0,0.55,0.0,0.0,0.0,0.2,0.0,0.0,0.05,0.0,0.2
4696,0.0,0.05,0.0,0.75,0.0,0.0,0.0,0.0,0.0,0.0,0.0,0.0,0.2
4697,0.0,0.0,0.0,0.55,0.0,0.0,0.0,0.0,0.0,0.0,0.0,0.0,0.45
4704,0.0,0.0,0.0,1.0,0.0,0.0,0.0,0.0,0.0,0.0,0.0,0.0,0.0
4705,0.0,0.0,0.0,0.95,0.0,0.0,0.0,0.0,0.0,0.0,0.0,0.0,0.05
4706,0.0,0.0,0.0,0.85,0.0,0.0,0.0,0.0,0.0,0.0,0.0,0.0,0.15
4707,0.0,0.0,0.0,1.0,0.0,0.0,0.0,0.0,0.0,0.0,0.0,0.0,0.0
4708,0.0,0.0,0.0,0.95,0.0,0.0,0.0,0.0,0.0,0.0,0.0,0.0,0.05
4714,0.0,0.0,0.0,0.65,0.0,0.05,0.0,0.0,0.0,0.0,0.0,0.0,0.3
4715,0.0,0.0,0.0,1.0,0.0,0.0,0.0,0.0,0.0,0.0,0.0,0.0,0.0
4718,0.0,0.0,0.0,1.0,0.0,0.0,0.0,0.0,0.0,0.0,0.0,0.0,0.0
4719,0.0,0.0,0.0,0.95,0.05,0.0,0.0,0.0,0.0,0.0,0.0,0.0,0.0
4720,0.0,0.0,0.0,0.65,0.0,0.0,0.0,0.0,0.0,0.0,0.05,0.0,0.3
4724,0.0,0.1,0.0,0.9,0.0,0.0,0.0,0.0,0.0,0.0,0.0,0.0,0.0
4733,0.0,0.0,0.0,0.9,0.0,0.05,0.0,0.0,0.0,0.0,0.0,0.0,0.05
4734,0.0,0.0,0.0,0.9,0.0,0.0,0.0,0.0,0.0,0.0,0.0,0.0,0.1
4735,0.0,0.0,0.0,0.9,0.0,0.0,0.05,0.0,0.0,0.0,0.0,0.0,0.05
4736,0.0,0.0,0.0,0.9,0.0,0.0,0.0,0.0,0.0,0.0,0.0,0.0,0.1
4741,0.0,0.0,0.0,0.95,0.0,0.0,0.0,0.0,0.0,0.0,0.0,0.0,0.05
4746,0.15,0.2,0.0,0.5,0.0,0.0,0.0,0.0,0.05,0.0,0.0,0.0,0.1
4749,0.0,0.0,0.0,0.95,0.0,0.0,0.0,0.0,0.0,0.0,0.05,0.0,0.0
4759,0.0,0.0,0.0,1.0,0.0,0.0,0.0,0.0,0.0,0.0,0.0,0.0,0.0
4760,0.0,0.0,0.0,1.0,0.0,0.0,0.0,0.0,0.0,0.0,0.0,0.0,0.0
4761,0.0,0.05,0.0,0.95,0.0,0.0,0.0,0.0,0.0,0.0,0.0,0.0,0.0
4768,0.0,0.0,0.0,0.95,0.0,0.0,0.0,0.0,0.0,0.0,0.0,0.0,0.05
4769,0.1,0.0,0.0,0.45,0.0,0.0,0.0,0.0,0.0,0.0,0.0,0.0,0.45
4770,0.0,0.0,0.0,0.95,0.0,0.0,0.0,0.05,0.0,0.0,0.0,0.0,0.0
4772,0.05,0.0,0.0,0.8,0.0,0.0,0.0,0.0,0.0,0.0,0.05,0.0,0.1
4778,0.0,0.0,0.0,1.0,0.0,0.0,0.0,0.0,0.0,0.0,0.0,0.0,0.0
4779,0.05,0.0,0.0,0.95,0.0,0.0,0.0,0.0,0.0,0.0,0.0,0.0,0.0
4781,0.0,0.0,0.0,0.9,0.0,0.0,0.0,0.0,0.0,0.0,0.0,0.0,0.1
4792,0.0,0.0,0.0,1.0,0.0,0.0,0.0,0.0,0.0,0.0,0.0,0.0,0.0
4795,0.0,0.05,0.0,0.95,0.0,0.0,0.0,0.0,0.0,0.0,0.0,0.0,0.0
4799,0.0,0.0,0.0,0.95,0.0,0.0,0.0,0.0,0.0,0.0,0.0,0.0,0.05
4811,0.0,0.0,0.0,1.0,0.0,0.0,0.0,0.0,0.0,0.0,0.0,0.0,0.0
4817,0.1,0.1,0.0,0.7,0.0,0.0,0.0,0.0,0.0,0.0,0.0,0.05,0.05
4821,0.0,0.0,0.0,1.0,0.0,0.0,0.0,0.0,0.0,0.0,0.0,0.0,0.0
4822,0.05,0.0,0.0,0.9,0.0,0.0,0.0,0.0,0.0,0.0,0.0,0.0,0.05
4824,0.0,0.0,0.0,0.35,0.0,0.0,0.0,0.0,0.0,0.0,0.0,0.0,0.65
4836,0.0,0.0,0.0,0.9,0.0,0.0,0.0,0.0,0.0,0.0,0.0,0.0,0.1
4837,0.0,0.1,0.0,0.65,0.0,0.0,0.0,0.0,0.0,0.0,0.0,0.0,0.25
4840,0.0,0.05,0.0,0.95,0.0,0.0,0.0,0.0,0.0,0.0,0.0,0.0,0.0
4841,0.0,0.0,0.0,0.95,0.0,0.0,0.0,0.0,0.0,0.0,0.0,0.0,0.05
4845,0.0,0.0,0.0,0.85,0.0,0.0,0.0,0.0,0.0,0.0,0.0,0.0,0.15
4855,0.0,0.0,0.0,0.95,0.0,0.0,0.0,0.0,0.0,0.0,0.0,0.0,0.05
4862,0.0,0.05,0.0,0.8,0.0,0.0,0.0,0.0,0.0,0.0,0.0,0.0,0.15
4868,0.05,0.0,0.0,0.6,0.0,0.0,0.0,0.05,0.0,0.0,0.2,0.0,0.1
4870,0.0,0.05,0.0,0.8,0.0,0.0,0.0,0.0,0.0,0.0,0.0,0.0,0.15
4871,0.0,0.05,0.0,0.7,0.0,0.0,0.0,0.0,0.0,0.0,0.0,0.0,0.25
4872,0.1,0.05,0.0,0.6,0.0,0.05,0.0,0.0,0.0,0.05,0.0,0.0,0.15
4874,0.0,0.0,0.0,0.9,0.0,0.0,0.0,0.0,0.0,0.0,0.0,0.0,0.1
4878,0.0,0.05,0.0,0.85,0.0,0.0,0.0,0.0,0.0,0.0,0.0,0.0,0.1
4890,0.0,0.0,0.0,1.0,0.0,0.0,0.0,0.0,0.0,0.0,0.0,0.0,0.0
4895,0.0,0.0,0.0,0.85,0.0,0.0,0.0,0.05,0.0,0.0,0.0,0.0,0.1
4897,0.0,0.0,0.0,0.95,0.0,0.0,0.0,0.0,0.0,0.0,0.0,0.0,0.05
4899,0.0,0.0,0.0,0.85,0.0,0.0,0.0,0.0,0.0,0.0,0.05,0.0,0.1
4900,0.0,0.0,0.0,0.9,0.0,0.0,0.0,0.0,0.0,0.0,0.0,0.0,0.1
4905,0.1,0.2,0.0,0.7,0.0,0.0,0.0,0.0,0.0,0.0,0.0,0.0,0.0
4907,0.0,0.0,0.0,1.0,0.0,0.0,0.0,0.0,0.0,0.0,0.0,0.0,0.0
4909,0.0,0.0,0.0,0.75,0.0,0.0,0.0,0.0,0.0,0.0,0.0,0.0,0.25
4915,0.0,0.0,0.0,0.9,0.0,0.0,0.0,0.0,0.0,0.0,0.0,0.0,0.1
4917,0.0,0.0,0.0,0.65,0.0,0.0,0.0,0.0,0.0,0.0,0.0,0.0,0.35
4920,0.0,0.0,0.0,1.0,0.0,0.0,0.0,0.0,0.0,0.0,0.0,0.0,0.0
4921,0.0,0.0,0.0,1.0,0.0,0.0,0.0,0.0,0.0,0.0,0.0,0.0,0.0
4927,0.0,0.0,0.0,0.55,0.0,0.0,0.0,0.05,0.0,0.0,0.2,0.0,0.2
4928,0.0,0.0,0.0,0.55,0.0,0.0,0.0,0.0,0.0,0.0,0.0,0.0,0.45
4931,0.0,0.0,0.0,0.95,0.0,0.0,0.0,0.0,0.0,0.0,0.0,0.0,0.05
4935,0.0,0.0,0.0,0.5,0.0,0.0,0.0,0.05,0.0,0.0,0.35,0.0,0.1
4936,0.0,0.0,0.0,0.15,0.0,0.0,0.0,0.0,0.0,0.0,0.0,0.0,0.85
4943,0.05,0.0,0.0,0.5,0.0,0.0,0.0,0.0,0.0,0.0,0.0,0.0,0.45
4947,0.0,0.0,0.0,0.75,0.0,0.0,0.0,0.0,0.0,0.0,0.0,0.0,0.25
4959,0.05,0.05,0.0,0.8,0.0,0.05,0.0,0.0,0.0,0.0,0.0,0.0,0.05
4961,0.0,0.0,0.0,0.95,0.0,0.0,0.0,0.0,0.0,0.0,0.0,0.0,0.05
4963,0.0,0.05,0.0,0.75,0.0,0.1,0.0,0.05,0.0,0.0,0.0,0.0,0.05
4964,0.1,0.0,0.0,0.8,0.0,0.0,0.0,0.0,0.0,0.0,0.0,0.0,0.1
4966,0.0,0.0,0.0,0.8,0.0,0.0,0.0,0.0,0.0,0.0,0.0,0.0,0.2
4973,0.0,0.0,0.0,1.0,0.0,0.0,0.0,0.0,0.0,0.0,0.0,0.0,0.0
4980,0.0,0.0,0.0,1.0,0.0,0.0,0.0,0.0,0.0,0.0,0.0,0.0,0.0
4986,0.0,0.05,0.0,0.85,0.0,0.0,0.0,0.0,0.0,0.0,0.0,0.0,0.1
4997,0.0,0.0,0.0,0.8,0.0,0.0,0.0,0.0,0.0,0.0,0.1,0.0,0.1
5001,0.45,0.0,0.0,0.55,0.0,0.0,0.0,0.0,0.0,0.0,0.0,0.0,0.0
5005,0.0,0.0,0.0,1.0,0.0,0.0,0.0,0.0,0.0,0.0,0.0,0.0,0.0
5018,0.0,0.0,0.0,0.9,0.0,0.0,0.0,0.05,0.0,0.0,0.0,0.0,0.05
5027,0.0,0.0,0.0,0.9,0.0,0.0,0.0,0.0,0.0,0.0,0.0,0.0,0.1
5051,0.0,0.0,0.0,0.8,0.0,0.0,0.0,0.2,0.0,0.0,0.0,0.0,0.0
5061,0.0,0.25,0.0,0.75,0.0,0.0,0.0,0.0,0.0,0.0,0.0,0.0,0.0
5063,0.0,0.0,0.0,0.6,0.0,0.0,0.0,0.05,0.0,0.0,0.0,0.0,0.35
5068,0.0,0.0,0.0,1.0,0.0,0.0,0.0,0.0,0.0,0.0,0.0,0.0,0.0
5073,0.0,0.0,0.0,0.9,0.0,0.0,0.0,0.0,0.0,0.0,0.0,0.0,0.1
5081,0.0,0.0,0.0,0.8,0.0,0.0,0.0,0.0,0.0,0.0,0.0,0.0,0.2
5086,0.2,0.25,0.0,0.25,0.0,0.0,0.05,0.0,0.1,0.0,0.0,0.0,0.15
5092,0.0,0.0,0.0,0.95,0.0,0.0,0.0,0.0,0.0,0.0,0.0,0.0,0.05
5096,0.0,0.0,0.0,0.3,0.0,0.0,0.0,0.0,0.0,0.0,0.0,0.0,0.7
5097,0.0,0.0,0.0,0.6,0.0,0.0,0.0,0.0,0.0,0.0,0.0,0.0,0.4
5098,0.0,0.0,0.0,0.75,0.0,0.0,0.0,0.0,0.0,0.0,0.0,0.0,0.25
5099,0.05,0.0,0.0,0.8,0.0,0.0,0.0,0.0,0.0,0.0,0.0,0.0,0.15
5103,0.0,0.0,0.0,0.8,0.0,0.0,0.0,0.1,0.0,0.0,0.0,0.0,0.1
5105,0.25,0.4,0.0,0.3,0.05,0.0,0.0,0.0,0.0,0.0,0.0,0.0,0.0
5106,0.0,0.0,0.0,1.0,0.0,0.0,0.0,0.0,0.0,0.0,0.0,0.0,0.0
5111,0.0,0.0,0.0,1.0,0.0,0.0,0.0,0.0,0.0,0.0,0.0,0.0,0.0
5115,0.05,0.3,0.0,0.45,0.0,0.0,0.0,0.1,0.0,0.0,0.0,0.0,0.1
5127,0.0,0.0,0.0,0.95,0.0,0.0,0.0,0.0,0.0,0.0,0.0,0.0,0.05
5128,0.0,0.25,0.0,0.75,0.0,0.0,0.0,0.0,0.0,0.0,0.0,0.0,0.0
5131,0.0,0.0,0.0,1.0,0.0,0.0,0.0,0.0,0.0,0.0,0.0,0.0,0.0
5143,0.0,0.0,0.0,1.0,0.0,0.0,0.0,0.0,0.0,0.0,0.0,0.0,0.0
5150,0.0,0.0,0.0,0.9,0.0,0.0,0.0,0.05,0.0,0.0,0.0,0.0,0.05
5159,0.0,0.0,0.0,1.0,0.0,0.0,0.0,0.0,0.0,0.0,0.0,0.0,0.0
5160,0.0,0.05,0.0,0.9,0.0,0.0,0.0,0.0,0.0,0.0,0.0,0.0,0.05
5165,0.0,0.0,0.0,0.45,0.0,0.0,0.0,0.0,0.0,0.0,0.0,0.0,0.55
5170,0.0,0.0,0.0,1.0,0.0,0.0,0.0,0.0,0.0,0.0,0.0,0.0,0.0
5173,0.0,0.0,0.0,1.0,0.0,0.0,0.0,0.0,0.0,0.0,0.0,0.0,0.0
5175,0.0,0.0,0.0,0.95,0.0,0.0,0.0,0.0,0.0,0.0,0.0,0.0,0.05
5176,0.0,0.0,0.0,0.7,0.0,0.0,0.0,0.0,0.0,0.0,0.0,0.0,0.3
5182,0.0,0.0,0.0,0.95,0.0,0.0,0.0,0.0,0.0,0.0,0.0,0.0,0.05
5184,0.0,0.0,0.0,0.45,0.0,0.0,0.0,0.3,0.0,0.0,0.0,0.0,0.25
5186,0.0,0.0,0.0,0.55,0.0,0.0,0.0,0.35,0.0,0.0,0.1,0.0,0.0
5196,0.0,0.0,0.0,0.9,0.0,0.0,0.0,0.0,0.0,0.0,0.0,0.0,0.1
5197,0.0,0.05,0.0,0.65,0.0,0.0,0.0,0.0,0.0,0.0,0.0,0.0,0.3
5198,0.0,0.0,0.0,0.95,0.0,0.0,0.0,0.0,0.0,0.0,0.0,0.0,0.05
5201,0.0,0.0,0.0,0.9,0.0,0.0,0.0,0.0,0.0,0.0,0.0,0.0,0.1
5214,0.0,0.0,0.0,0.95,0.0,0.0,0.0,0.0,0.0,0.0,0.0,0.0,0.05
5217,0.0,0.0,0.0,0.95,0.0,0.0,0.0,0.0,0.0,0.0,0.0,0.0,0.05
5218,0.0,0.0,0.0,0.85,0.0,0.0,0.0,0.0,0.0,0.0,0.0,0.0,0.15
5219,0.0,0.0,0.0,0.85,0.0,0.0,0.0,0.0,0.0,0.0,0.0,0.0,0.15
5233,0.0,0.0,0.0,0.95,0.0,0.0,0.0,0.0,0.0,0.0,0.0,0.0,0.05
5236,0.0,0.0,0.0,0.95,0.0,0.0,0.0,0.0,0.0,0.0,0.0,0.0,0.05
5240,0.0,0.0,0.0,0.95,0.0,0.0,0.0,0.0,0.0,0.0,0.0,0.0,0.05
5250,0.0,0.05,0.0,0.8,0.0,0.0,0.0,0.1,0.0,0.0,0.0,0.0,0.05
5253,0.05,0.0,0.0,0.95,0.0,0.0,0.0,0.0,0.0,0.0,0.0,0.0,0.0
5254,0.0,0.0,0.0,0.75,0.0,0.0,0.0,0.0,0.0,0.0,0.0,0.0,0.25
5257,0.1,0.05,0.0,0.1,0.0,0.0,0.0,0.5,0.0,0.0,0.0,0.0,0.25
5264,0.0,0.0,0.0,0.7,0.0,0.0,0.0,0.0,0.0,0.0,0.0,0.0,0.3
5274,0.65,0.3,0.0,0.0,0.0,0.0,0.0,0.0,0.05,0.0,0.0,0.0,0.0
5288,0.4,0.45,0.0,0.0,0.0,0.0,0.15,0.0,0.0,0.0,0.0,0.0,0.0
5289,0.35,0.4,0.0,0.0,0.0,0.05,0.2,0.0,0.0,0.0,0.0,0.0,0.0
5290,0.45,0.5,0.0,0.0,0.0,0.0,0.05,0.0,0.0,0.0,0.0,0.0,0.0
5296,0.15,0.65,0.0,0.0,0.0,0.05,0.15,0.0,0.0,0.0,0.0,0.0,0.0
5297,0.8,0.1,0.0,0.0,0.0,0.0,0.1,0.0,0.0,0.0,0.0,0.0,0.0
5301,0.25,0.65,0.0,0.0,0.0,0.0,0.05,0.0,0.0,0.05,0.0,0.0,0.0
5304,0.55,0.3,0.0,0.0,0.0,0.0,0.0,0.0,0.15,0.0,0.0,0.0,0.0
5321,0.75,0.15,0.0,0.05,0.0,0.0,0.0,0.0,0.05,0.0,0.0,0.0,0.0
5329,0.3,0.5,0.0,0.15,0.0,0.05,0.0,0.0,0.0,0.0,0.0,0.0,0.0
5341,0.25,0.45,0.05,0.2,0.0,0.0,0.05,0.0,0.0,0.0,0.0,0.0,0.0
5342,0.4,0.2,0.0,0.0,0.0,0.0,0.15,0.0,0.15,0.1,0.0,0.0,0.0
5343,0.6,0.15,0.0,0.0,0.0,0.0,0.05,0.0,0.05,0.15,0.0,0.0,0.0
5360,0.15,0.8,0.0,0.0,0.0,0.0,0.05,0.0,0.0,0.0,0.0,0.0,0.0
5363,0.55,0.3,0.0,0.0,0.0,0.0,0.1,0.0,0.05,0.0,0.0,0.0,0.0
5368,0.25,0.4,0.0,0.0,0.0,0.0,0.1,0.0,0.2,0.05,0.0,0.0,0.0
5370,0.2,0.35,0.0,0.0,0.0,0.0,0.05,0.0,0.4,0.0,0.0,0.0,0.0
5372,0.3,0.45,0.0,0.05,0.0,0.0,0.05,0.0,0.15,0.0,0.0,0.0,0.0
5389,0.3,0.45,0.0,0.15,0.0,0.0,0.0,0.0,0.05,0.0,0.0,0.0,0.05
5390,0.65,0.25,0.0,0.05,0.0,0.0,0.0,0.0,0.0,0.0,0.0,0.0,0.05
5395,0.3,0.3,0.0,0.4,0.0,0.0,0.0,0.0,0.0,0.0,0.0,0.0,0.0
5401,0.3,0.4,0.0,0.1,0.0,0.05,0.0,0.05,0.0,0.0,0.05,0.0,0.05
5407,0.45,0.15,0.0,0.3,0.0,0.05,0.0,0.0,0.0,0.0,0.0,0.0,0.05
5408,0.6,0.15,0.0,0.05,0.0,0.0,0.1,0.0,0.1,0.0,0.0,0.0,0.0
5411,0.25,0.7,0.0,0.0,0.0,0.0,0.0,0.0,0.05,0.0,0.0,0.0,0.0
5412,0.25,0.75,0.0,0.0,0.0,0.0,0.0,0.0,0.0,0.0,0.0,0.0,0.0
5416,0.25,0.6,0.0,0.1,0.0,0.0,0.05,0.0,0.0,0.0,0.0,0.0,0.0
5418,0.45,0.15,0.0,0.35,0.0,0.05,0.0,0.0,0.0,0.0,0.0,0.0,0.0
5429,0.4,0.55,0.0,0.0,0.0,0.0,0.05,0.0,0.0,0.0,0.0,0.0,0.0
5432,0.45,0.1,0.05,0.35,0.0,0.0,0.0,0.0,0.05,0.0,0.0,0.0,0.0
5441,0.3,0.6,0.0,0.0,0.0,0.0,0.0,0.0,0.1,0.0,0.0,0.0,0.0
5452,0.35,0.6,0.0,0.0,0.0,0.0,0.05,0.0,0.0,0.0,0.0,0.0,0.0
5459,0.6,0.2,0.0,0.05,0.0,0.0,0.0,0.0,0.05,0.0,0.0,0.0,0.1
5461,0.2,0.55,0.0,0.1,0.0,0.0,0.05,0.0,0.1,0.0,0.0,0.0,0.0
5463,0.4,0.4,0.0,0.1,0.0,0.05,0.05,0.0,0.0,0.0,0.0,0.0,0.0
5472,0.55,0.25,0.0,0.05,0.0,0.0,0.1,0.0,0.05,0.0,0.0,0.0,0.0
5473,0.45,0.4,0.0,0.1,0.0,0.0,0.0,0.0,0.05,0.0,0.0,0.0,0.0
5479,0.9,0.1,0.0,0.0,0.0,0.0,0.0,0.0,0.0,0.0,0.0,0.0,0.0
5482,0.05,0.75,0.0,0.0,0.0,0.0,0.0,0.0,0.2,0.0,0.0,0.0,0.0
5488,0.2,0.45,0.0,0.05,0.0,0.0,0.0,0.0,0.2,0.0,0.0,0.0,0.1
5495,0.5,0.25,0.0,0.0,0.0,0.0,0.05,0.0,0.2,0.0,0.0,0.0,0.0
5496,0.25,0.75,0.0,0.0,0.0,0.0,0.0,0.0,0.0,0.0,0.0,0.0,0.0
5497,0.35,0.05,0.05,0.55,0.0,0.0,0.0,0.0,0.0,0.0,0.0,0.0,0.0
5505,0.75,0.1,0.0,0.0,0.0,0.0,0.15,0.0,0.0,0.0,0.0,0.0,0.0
5508,0.55,0.25,0.0,0.0,0.0,0.0,0.0,0.0,0.2,0.0,0.0,0.0,0.0
5509,0.6,0.25,0.0,0.0,0.0,0.0,0.1,0.0,0.05,0.0,0.0,0.0,0.0
5529,0.45,0.4,0.0,0.1,0.0,0.0,0.0,0.0,0.05,0.0,0.0,0.0,0.0
5532,0.5,0.35,0.0,0.15,0.0,0.0,0.0,0.0,0.0,0.0,0.0,0.0,0.0
5538,0.4,0.6,0.0,0.0,0.0,0.0,0.0,0.0,0.0,0.0,0.0,0.0,0.0
5546,0.35,0.55,0.0,0.1,0.0,0.0,0.0,0.0,0.0,0.0,0.0,0.0,0.0
5557,0.4,0.45,0.0,0.0,0.0,0.0,0.0,0.0,0.15,0.0,0.0,0.0,0.0
5564,0.4,0.5,0.0,0.0,0.0,0.0,0.0,0.0,0.1,0.0,0.0,0.0,0.0
5583,0.2,0.55,0.0,0.25,0.0,0.0,0.0,0.0,0.0,0.0,0.0,0.0,0.0
5585,0.25,0.5,0.1,0.0,0.0,0.05,0.1,0.0,0.0,0.0,0.0,0.0,0.0
5590,0.3,0.25,0.05,0.05,0.0,0.0,0.2,0.0,0.15,0.0,0.0,0.0,0.0
5595,0.3,0.3,0.0,0.3,0.0,0.0,0.1,0.0,0.0,0.0,0.0,0.0,0.0
5600,0.3,0.5,0.0,0.0,0.0,0.0,0.0,0.0,0.2,0.0,0.0,0.0,0.0
5601,0.6,0.35,0.0,0.05,0.0,0.0,0.0,0.0,0.0,0.0,0.0,0.0,0.0
5605,0.2,0.5,0.1,0.05,0.0,0.1,0.0,0.05,0.0,0.0,0.0,0.0,0.0
5610,0.25,0.4,0.0,0.2,0.0,0.0,0.1,0.0,0.05,0.0,0.0,0.0,0.0
5613,0.4,0.2,0.0,0.0,0.0,0.0,0.05,0.0,0.35,0.0,0.0,0.0,0.0
5616,0.25,0.7,0.0,0.0,0.0,0.0,0.0,0.0,0.05,0.0,0.0,0.0,0.0
5619,0.15,0.75,0.0,0.0,0.0,0.0,0.05,0.0,0.05,0.0,0.0,0.0,0.0
5622,0.15,0.65,0.0,0.0,0.0,0.0,0.2,0.0,0.0,0.0,0.0,0.0,0.0
5623,0.4,0.3,0.0,0.05,0.0,0.05,0.15,0.0,0.05,0.0,0.0,0.0,0.0
5625,0.45,0.25,0.0,0.05,0.0,0.0,0.15,0.0,0.1,0.0,0.0,0.0,0.0
5632,0.15,0.75,0.0,0.0,0.0,0.0,0.0,0.0,0.1,0.0,0.0,0.0,0.0
5636,0.25,0.7,0.0,0.0,0.0,0.0,0.05,0.0,0.0,0.0,0.0,0.0,0.0
5638,0.8,0.2,0.0,0.0,0.0,0.0,0.0,0.0,0.0,0.0,0.0,0.0,0.0
5648,0.2,0.65,0.1,0.0,0.0,0.0,0.0,0.0,0.0,0.0,0.05,0.0,0.0
5649,0.25,0.55,0.0,0.05,0.0,0.0,0.05,0.0,0.1,0.0,0.0,0.0,0.0
5652,0.15,0.8,0.05,0.0,0.0,0.0,0.0,0.0,0.0,0.0,0.0,0.0,0.0
5654,0.6,0.1,0.0,0.0,0.0,0.0,0.0,0.0,0.25,0.05,0.0,0.0,0.0
5666,0.6,0.25,0.0,0.05,0.0,0.0,0.0,0.0,0.1,0.0,0.0,0.0,0.0
5676,0.9,0.05,0.0,0.0,0.0,0.0,0.05,0.0,0.0,0.0,0.0,0.0,0.0
5681,0.1,0.7,0.0,0.0,0.0,0.05,0.0,0.0,0.15,0.0,0.0,0.0,0.0
5684,0.75,0.15,0.0,0.05,0.0,0.0,0.0,0.0,0.05,0.0,0.0,0.0,0.0
5686,0.45,0.3,0.0,0.0,0.0,0.0,0.0,0.0,0.25,0.0,0.0,0.0,0.0
5690,0.45,0.45,0.0,0.0,0.0,0.0,0.1,0.0,0.0,0.0,0.0,0.0,0.0
5694,0.4,0.3,0.0,0.0,0.0,0.0,0.05,0.0,0.25,0.0,0.0,0.0,0.0
5703,0.15,0.45,0.0,0.05,0.0,0.0,0.0,0.0,0.35,0.0,0.0,0.0,0.0
5705,0.6,0.3,0.0,0.0,0.0,0.0,0.05,0.0,0.05,0.0,0.0,0.0,0.0
5707,0.45,0.25,0.0,0.0,0.0,0.0,0.1,0.0,0.2,0.0,0.0,0.0,0.0
5718,0.3,0.6,0.0,0.0,0.0,0.0,0.05,0.0,0.05,0.0,0.0,0.0,0.0
5724,0.3,0.4,0.0,0.15,0.0,0.0,0.15,0.0,0.0,0.0,0.0,0.0,0.0
5737,0.4,0.35,0.0,0.0,0.0,0.0,0.05,0.0,0.2,0.0,0.0,0.0,0.0
5743,0.3,0.3,0.0,0.0,0.0,0.0,0.3,0.0,0.1,0.0,0.0,0.0,0.0
5745,0.05,0.75,0.0,0.0,0.0,0.0,0.0,0.0,0.15,0.05,0.0,0.0,0.0
5750,0.1,0.8,0.0,0.05,0.0,0.0,0.0,0.0,0.05,0.0,0.0,0.0,0.0
5759,0.4,0.3,0.0,0.0,0.0,0.0,0.3,0.0,0.0,0.0,0.0,0.0,0.0
5764,0.2,0.45,0.0,0.0,0.0,0.0,0.35,0.0,0.0,0.0,0.0,0.0,0.0
5785,0.25,0.7,0.0,0.05,0.0,0.0,0.0,0.0,0.0,0.0,0.0,0.0,0.0
5793,0.1,0.4,0.0,0.05,0.0,0.0,0.1,0.0,0.35,0.0,0.0,0.0,0.0
5801,0.55,0.4,0.0,0.0,0.0,0.0,0.05,0.0,0.0,0.0,0.0,0.0,0.0
5805,0.2,0.5,0.0,0.2,0.0,0.0,0.05,0.0,0.0,0.0,0.0,0.0,0.05
5813,0.3,0.65,0.0,0.0,0.0,0.0,0.05,0.0,0.0,0.0,0.0,0.0,0.0
5821,0.3,0.45,0.0,0.0,0.0,0.0,0.15,0.0,0.1,0.0,0.0,0.0,0.0
5828,0.4,0.4,0.0,0.15,0.0,0.0,0.0,0.0,0.05,0.0,0.0,0.0,0.0
5830,0.45,0.1,0.0,0.0,0.0,0.0,0.35,0.0,0.1,0.0,0.0,0.0,0.0
5832,0.55,0.2,0.0,0.0,0.0,0.05,0.05,0.0,0.05,0.1,0.0,0.0,0.0
5833,0.2,0.5,0.0,0.05,0.0,0.0,0.25,0.0,0.0,0.0,0.0,0.0,0.0
5840,0.6,0.0,0.0,0.05,0.0,0.0,0.15,0.0,0.2,0.0,0.0,0.0,0.0
5846,0.5,0.25,0.0,0.0,0.0,0.0,0.0,0.0,0.05,0.2,0.0,0.0,0.0
5847,0.5,0.45,0.0,0.0,0.0,0.0,0.05,0.0,0.0,0.0,0.0,0.0,0.0
5860,0.35,0.1,0.0,0.4,0.0,0.0,0.0,0.0,0.0,0.0,0.0,0.0,0.15
5881,0.5,0.25,0.0,0.0,0.0,0.0,0.1,0.0,0.15,0.0,0.0,0.0,0.0
5883,0.6,0.25,0.0,0.0,0.0,0.0,0.15,0.0,0.0,0.0,0.0,0.0,0.0
5887,0.45,0.3,0.0,0.05,0.0,0.0,0.2,0.0,0.0,0.0,0.0,0.0,0.0
5898,0.45,0.1,0.05,0.0,0.0,0.0,0.25,0.0,0.15,0.0,0.0,0.0,0.0
5899,0.8,0.0,0.0,0.0,0.0,0.0,0.1,0.0,0.1,0.0,0.0,0.0,0.0
5900,0.6,0.05,0.0,0.05,0.0,0.0,0.15,0.0,0.15,0.0,0.0,0.0,0.0
5901,0.45,0.3,0.0,0.0,0.0,0.0,0.1,0.0,0.15,0.0,0.0,0.0,0.0
5908,0.3,0.5,0.0,0.05,0.0,0.0,0.0,0.0,0.15,0.0,0.0,0.0,0.0
5909,0.65,0.2,0.0,0.0,0.0,0.0,0.0,0.0,0.15,0.0,0.0,0.0,0.0
5923,0.65,0.2,0.0,0.05,0.0,0.0,0.1,0.0,0.0,0.0,0.0,0.0,0.0
5924,0.25,0.6,0.0,0.05,0.0,0.0,0.1,0.0,0.0,0.0,0.0,0.0,0.0
5929,0.75,0.2,0.0,0.05,0.0,0.0,0.0,0.0,0.0,0.0,0.0,0.0,0.0
5933,0.15,0.8,0.0,0.0,0.0,0.0,0.0,0.0,0.05,0.0,0.0,0.0,0.0
5935,0.45,0.4,0.05,0.0,0.0,0.0,0.0,0.0,0.1,0.0,0.0,0.0,0.0
5940,0.55,0.35,0.05,0.0,0.0,0.0,0.0,0.0,0.05,0.0,0.0,0.0,0.0
5943,0.5,0.4,0.0,0.05,0.0,0.0,0.05,0.0,0.0,0.0,0.0,0.0,0.0
5944,0.5,0.15,0.05,0.0,0.0,0.0,0.25,0.0,0.0,0.0,0.05,0.0,0.0
5948,0.4,0.4,0.05,0.0,0.0,0.0,0.0,0.0,0.15,0.0,0.0,0.0,0.0
5952,0.25,0.4,0.0,0.2,0.0,0.0,0.05,0.0,0.05,0.0,0.0,0.0,0.05
5972,0.6,0.25,0.0,0.05,0.0,0.0,0.0,0.0,0.1,0.0,0.0,0.0,0.0
5976,0.2,0.7,0.0,0.05,0.05,0.0,0.0,0.0,0.0,0.0,0.0,0.0,0.0
5985,0.45,0.45,0.0,0.05,0.0,0.0,0.0,0.0,0.05,0.0,0.0,0.0,0.0
5995,0.3,0.2,0.05,0.05,0.0,0.05,0.1,0.0,0.25,0.0,0.0,0.0,0.0
5999,0.4,0.55,0.0,0.0,0.0,0.0,0.0,0.0,0.05,0.0,0.0,0.0,0.0
6007,0.45,0.35,0.0,0.0,0.0,0.0,0.05,0.0,0.15,0.0,0.0,0.0,0.0
6014,0.5,0.3,0.0,0.0,0.0,0.0,0.2,0.0,0.0,0.0,0.0,0.0,0.0
6030,0.5,0.1,0.0,0.15,0.0,0.0,0.0,0.0,0.25,0.0,0.0,0.0,0.0
6032,0.6,0.1,0.0,0.1,0.0,0.0,0.0,0.0,0.2,0.0,0.0,0.0,0.0
6033,0.1,0.0,0.0,0.8,0.0,0.0,0.0,0.0,0.0,0.0,0.0,0.0,0.1
6047,0.5,0.35,0.0,0.0,0.0,0.0,0.1,0.0,0.05,0.0,0.0,0.0,0.0
6050,0.1,0.9,0.0,0.0,0.0,0.0,0.0,0.0,0.0,0.0,0.0,0.0,0.0
6052,0.7,0.1,0.0,0.05,0.0,0.0,0.05,0.0,0.1,0.0,0.0,0.0,0.0
6053,0.75,0.1,0.0,0.05,0.0,0.05,0.0,0.0,0.05,0.0,0.0,0.0,0.0
6058,0.4,0.5,0.0,0.0,0.0,0.0,0.0,0.0,0.1,0.0,0.0,0.0,0.0
6064,0.35,0.45,0.0,0.0,0.0,0.0,0.2,0.0,0.0,0.0,0.0,0.0,0.0
6069,0.25,0.7,0.05,0.0,0.0,0.0,0.0,0.0,0.0,0.0,0.0,0.0,0.0
6072,0.6,0.15,0.0,0.25,0.0,0.0,0.0,0.0,0.0,0.0,0.0,0.0,0.0
6076,0.1,0.35,0.0,0.0,0.0,0.0,0.0,0.0,0.55,0.0,0.0,0.0,0.0
6077,0.45,0.25,0.05,0.05,0.0,0.05,0.05,0.0,0.1,0.0,0.0,0.0,0.0
6078,0.35,0.5,0.0,0.0,0.0,0.0,0.0,0.0,0.15,0.0,0.0,0.0,0.0
6085,0.6,0.3,0.0,0.0,0.0,0.0,0.0,0.0,0.1,0.0,0.0,0.0,0.0
6100,0.05,0.8,0.0,0.0,0.0,0.0,0.0,0.0,0.15,0.0,0.0,0.0,0.0
6105,0.85,0.0,0.0,0.0,0.0,0.0,0.15,0.0,0.0,0.0,0.0,0.0,0.0
6114,0.6,0.25,0.0,0.0,0.0,0.0,0.0,0.0,0.1,0.0,0.0,0.0,0.05
6115,0.5,0.25,0.0,0.25,0.0,0.0,0.0,0.0,0.0,0.0,0.0,0.0,0.0
6120,0.5,0.35,0.0,0.0,0.0,0.05,0.05,0.0,0.05,0.0,0.0,0.0,0.0
6126,0.15,0.4,0.0,0.2,0.0,0.0,0.1,0.0,0.05,0.0,0.0,0.0,0.1
6136,0.55,0.3,0.0,0.0,0.0,0.0,0.05,0.0,0.1,0.0,0.0,0.0,0.0
6137,0.4,0.35,0.0,0.0,0.0,0.0,0.2,0.0,0.05,0.0,0.0,0.0,0.0
6140,0.5,0.4,0.0,0.05,0.0,0.0,0.05,0.0,0.0,0.0,0.0,0.0,0.0
6141,0.35,0.45,0.0,0.0,0.0,0.0,0.1,0.0,0.1,0.0,0.0,0.0,0.0
6148,0.25,0.75,0.0,0.0,0.0,0.0,0.0,0.0,0.0,0.0,0.0,0.0,0.0
6154,0.2,0.5,0.0,0.1,0.0,0.05,0.15,0.0,0.0,0.0,0.0,0.0,0.0
6162,0.55,0.25,0.0,0.0,0.0,0.0,0.1,0.0,0.05,0.05,0.0,0.0,0.0
6163,0.25,0.75,0.0,0.0,0.0,0.0,0.0,0.0,0.0,0.0,0.0,0.0,0.0
6169,0.15,0.6,0.05,0.0,0.0,0.0,0.1,0.0,0.1,0.0,0.0,0.0,0.0
6182,0.1,0.5,0.0,0.2,0.0,0.15,0.05,0.0,0.0,0.0,0.0,0.0,0.0
6187,0.2,0.5,0.0,0.1,0.0,0.0,0.2,0.0,0.0,0.0,0.0,0.0,0.0
6189,0.45,0.4,0.0,0.1,0.05,0.0,0.0,0.0,0.0,0.0,0.0,0.0,0.0
6192,0.2,0.8,0.0,0.0,0.0,0.0,0.0,0.0,0.0,0.0,0.0,0.0,0.0
6195,0.35,0.45,0.05,0.0,0.0,0.0,0.15,0.0,0.0,0.0,0.0,0.0,0.0
6200,0.55,0.2,0.0,0.05,0.0,0.0,0.2,0.0,0.0,0.0,0.0,0.0,0.0
6209,0.25,0.65,0.0,0.0,0.0,0.0,0.1,0.0,0.0,0.0,0.0,0.0,0.0
6210,0.1,0.6,0.0,0.0,0.0,0.0,0.25,0.0,0.05,0.0,0.0,0.0,0.0
6217,0.4,0.55,0.0,0.0,0.0,0.0,0.0,0.0,0.05,0.0,0.0,0.0,0.0
6219,0.25,0.3,0.0,0.05,0.0,0.0,0.05,0.0,0.35,0.0,0.0,0.0,0.0
6224,0.15,0.75,0.0,0.0,0.0,0.0,0.0,0.0,0.1,0.0,0.0,0.0,0.0
6226,0.35,0.1,0.0,0.4,0.0,0.0,0.05,0.0,0.0,0.0,0.0,0.0,0.1
6241,0.55,0.3,0.0,0.05,0.0,0.0,0.05,0.0,0.05,0.0,0.0,0.0,0.0
6247,0.35,0.45,0.0,0.0,0.0,0.0,0.2,0.0,0.0,0.0,0.0,0.0,0.0
6250,0.15,0.8,0.0,0.05,0.0,0.0,0.0,0.0,0.0,0.0,0.0,0.0,0.0
6259,0.5,0.3,0.0,0.05,0.0,0.0,0.05,0.0,0.1,0.0,0.0,0.0,0.0
6264,0.25,0.7,0.0,0.0,0.0,0.0,0.0,0.0,0.05,0.0,0.0,0.0,0.0
6266,0.4,0.15,0.0,0.0,0.0,0.0,0.25,0.0,0.15,0.05,0.0,0.0,0.0
6267,0.2,0.5,0.0,0.0,0.0,0.0,0.1,0.0,0.2,0.0,0.0,0.0,0.0
6269,0.3,0.2,0.0,0.3,0.0,0.0,0.1,0.05,0.0,0.0,0.0,0.0,0.05
6270,0.3,0.65,0.0,0.05,0.0,0.0,0.0,0.0,0.0,0.0,0.0,0.0,0.0
6285,0.35,0.45,0.15,0.0,0.05,0.0,0.0,0.0,0.0,0.0,0.0,0.0,0.0
6295,0.55,0.45,0.0,0.0,0.0,0.0,0.0,0.0,0.0,0.0,0.0,0.0,0.0
6303,0.15,0.2,0.0,0.0,0.0,0.0,0.6,0.0,0.05,0.0,0.0,0.0,0.0
6305,0.05,0.0,0.0,0.0,0.0,0.0,0.0,0.85,0.0,0.0,0.1,0.0,0.0
6306,0.0,0.0,0.0,0.1,0.0,0.0,0.0,0.9,0.0,0.0,0.0,0.0,0.0
6307,0.0,0.0,0.0,0.0,0.0,0.0,0.0,1.0,0.0,0.0,0.0,0.0,0.0
6309,0.2,0.05,0.0,0.0,0.0,0.0,0.0,0.7,0.0,0.0,0.05,0.0,0.0
6310,0.15,0.1,0.0,0.0,0.0,0.0,0.0,0.7,0.0,0.0,0.05,0.0,0.0
6311,0.2,0.15,0.0,0.0,0.0,0.0,0.0,0.6,0.0,0.0,0.05,0.0,0.0
6314,0.1,0.05,0.0,0.0,0.0,0.0,0.0,0.85,0.0,0.0,0.0,0.0,0.0
6315,0.05,0.2,0.0,0.1,0.0,0.0,0.0,0.6,0.0,0.0,0.05,0.0,0.0
6316,0.05,0.0,0.0,0.05,0.0,0.0,0.0,0.9,0.0,0.0,0.0,0.0,0.0
6318,0.0,0.0,0.0,0.05,0.0,0.0,0.0,0.65,0.0,0.0,0.3,0.0,0.0
6321,0.0,0.1,0.0,0.0,0.0,0.0,0.0,0.9,0.0,0.0,0.0,0.0,0.0
6327,0.45,0.05,0.0,0.2,0.0,0.0,0.0,0.15,0.0,0.0,0.1,0.0,0.05
6343,0.45,0.15,0.05,0.05,0.0,0.15,0.05,0.05,0.05,0.0,0.0,0.0,0.0
6346,0.05,0.0,0.0,0.0,0.0,0.0,0.0,0.9,0.0,0.0,0.05,0.0,0.0
6349,0.0,0.75,0.0,0.25,0.0,0.0,0.0,0.0,0.0,0.0,0.0,0.0,0.0
6352,0.0,0.1,0.0,0.0,0.0,0.0,0.0,0.6,0.0,0.0,0.3,0.0,0.0
6356,0.0,0.1,0.0,0.25,0.0,0.0,0.0,0.6,0.0,0.0,0.05,0.0,0.0
6358,0.05,0.0,0.0,0.1,0.0,0.1,0.0,0.75,0.0,0.0,0.0,0.0,0.0
6359,0.25,0.4,0.0,0.05,0.0,0.25,0.0,0.0,0.0,0.0,0.05,0.0,0.0
6366,0.15,0.2,0.0,0.1,0.0,0.0,0.0,0.35,0.0,0.0,0.2,0.0,0.0
6371,0.2,0.05,0.0,0.1,0.0,0.0,0.0,0.65,0.0,0.0,0.0,0.0,0.0
6373,0.05,0.0,0.0,0.25,0.0,0.0,0.0,0.65,0.0,0.0,0.05,0.0,0.0
6378,0.05,0.3,0.0,0.2,0.0,0.05,0.0,0.1,0.0,0.0,0.3,0.0,0.0
6379,0.1,0.0,0.0,0.05,0.0,0.0,0.0,0.85,0.0,0.0,0.0,0.0,0.0
6384,0.95,0.0,0.0,0.0,0.0,0.0,0.0,0.05,0.0,0.0,0.0,0.0,0.0
6388,0.0,0.0,0.0,0.05,0.0,0.0,0.0,0.95,0.0,0.0,0.0,0.0,0.0
6391,0.05,0.05,0.0,0.0,0.0,0.0,0.0,0.9,0.0,0.0,0.0,0.0,0.0
6399,0.05,0.65,0.0,0.0,0.0,0.0,0.0,0.3,0.0,0.0,0.0,0.0,0.0
6404,0.15,0.0,0.0,0.0,0.0,0.0,0.0,0.85,0.0,0.0,0.0,0.0,0.0
6411,0.0,0.75,0.0,0.15,0.0,0.0,0.0,0.1,0.0,0.0,0.0,0.0,0.0
6414,0.1,0.1,0.0,0.0,0.0,0.0,0.0,0.7,0.0,0.0,0.05,0.0,0.05
6421,0.05,0.0,0.0,0.75,0.0,0.0,0.0,0.15,0.0,0.0,0.05,0.0,0.0
6424,0.4,0.05,0.0,0.2,0.0,0.0,0.0,0.25,0.0,0.0,0.05,0.0,0.05
6427,0.05,0.5,0.0,0.3,0.0,0.0,0.0,0.15,0.0,0.0,0.0,0.0,0.0
6430,0.15,0.6,0.0,0.2,0.0,0.0,0.0,0.05,0.0,0.0,0.0,0.0,0.0
6431,0.1,0.75,0.0,0.15,0.0,0.0,0.0,0.0,0.0,0.0,0.0,0.0,0.0
6432,0.05,0.55,0.0,0.1,0.0,0.0,0.0,0.25,0.0,0.0,0.0,0.0,0.05
6433,0.05,0.2,0.0,0.0,0.0,0.0,0.0,0.7,0.0,0.0,0.05,0.0,0.0
6434,0.0,0.05,0.0,0.05,0.0,0.0,0.0,0.9,0.0,0.0,0.0,0.0,0.0
6435,0.05,0.15,0.0,0.1,0.0,0.0,0.0,0.7,0.0,0.0,0.0,0.0,0.0
6438,0.05,0.05,0.0,0.05,0.0,0.0,0.0,0.85,0.0,0.0,0.0,0.0,0.0
6439,0.15,0.05,0.0,0.0,0.0,0.0,0.0,0.8,0.0,0.0,0.0,0.0,0.0
6442,0.0,0.0,0.0,0.05,0.0,0.0,0.0,0.9,0.0,0.0,0.05,0.0,0.0
6449,0.0,0.1,0.0,0.1,0.0,0.0,0.0,0.5,0.0,0.0,0.3,0.0,0.0
6452,0.1,0.6,0.0,0.05,0.0,0.0,0.0,0.25,0.0,0.0,0.0,0.0,0.0
6453,0.1,0.45,0.0,0.35,0.0,0.0,0.0,0.1,0.0,0.0,0.0,0.0,0.0
6454,0.4,0.1,0.0,0.05,0.0,0.0,0.0,0.4,0.0,0.0,0.05,0.0,0.0
6457,0.05,0.55,0.0,0.15,0.0,0.0,0.0,0.0,0.0,0.0,0.25,0.0,0.0
6470,0.1,0.25,0.0,0.2,0.0,0.0,0.05,0.4,0.0,0.0,0.0,0.0,0.0
6471,0.3,0.1,0.0,0.2,0.0,0.1,0.0,0.25,0.05,0.0,0.0,0.0,0.0
6477,0.1,0.3,0.0,0.25,0.0,0.2,0.0,0.1,0.0,0.0,0.05,0.0,0.0
6479,0.0,0.0,0.0,0.0,0.0,0.0,0.0,1.0,0.0,0.0,0.0,0.0,0.0
6483,0.05,0.0,0.0,0.05,0.0,0.0,0.0,0.85,0.0,0.0,0.05,0.0,0.0
6484,0.25,0.0,0.0,0.0,0.0,0.0,0.0,0.75,0.0,0.0,0.0,0.0,0.0
6485,0.0,0.1,0.0,0.1,0.0,0.0,0.0,0.8,0.0,0.0,0.0,0.0,0.0
6490,0.2,0.25,0.0,0.0,0.0,0.05,0.0,0.45,0.0,0.0,0.05,0.0,0.0
6491,0.0,0.05,0.0,0.35,0.0,0.0,0.0,0.2,0.0,0.0,0.35,0.0,0.05
6498,0.0,0.8,0.0,0.15,0.0,0.0,0.0,0.05,0.0,0.0,0.0,0.0,0.0
6499,0.0,0.05,0.0,0.15,0.0,0.0,0.0,0.65,0.0,0.0,0.15,0.0,0.0
6500,0.0,0.0,0.0,0.0,0.0,0.0,0.0,1.0,0.0,0.0,0.0,0.0,0.0
6501,0.65,0.0,0.0,0.0,0.0,0.0,0.0,0.25,0.0,0.0,0.1,0.0,0.0
6503,0.05,0.15,0.0,0.3,0.0,0.3,0.0,0.15,0.0,0.0,0.05,0.0,0.0
6507,0.15,0.0,0.0,0.0,0.0,0.0,0.0,0.85,0.0,0.0,0.0,0.0,0.0
6508,0.15,0.25,0.0,0.0,0.0,0.0,0.0,0.55,0.0,0.0,0.05,0.0,0.0
6509,0.05,0.2,0.0,0.15,0.0,0.0,0.0,0.35,0.0,0.0,0.2,0.0,0.05
6514,0.15,0.0,0.0,0.0,0.0,0.0,0.0,0.85,0.0,0.0,0.0,0.0,0.0
6520,0.05,0.0,0.0,0.3,0.0,0.0,0.0,0.6,0.0,0.0,0.05,0.0,0.0
6522,0.0,0.15,0.0,0.1,0.0,0.15,0.0,0.5,0.0,0.0,0.1,0.0,0.0
6525,0.0,0.0,0.0,0.05,0.0,0.0,0.0,0.95,0.0,0.0,0.0,0.0,0.0
6527,0.0,0.0,0.0,0.05,0.0,0.0,0.0,0.95,0.0,0.0,0.0,0.0,0.0
6533,0.25,0.0,0.0,0.15,0.0,0.1,0.0,0.4,0.0,0.0,0.1,0.0,0.0
6534,0.1,0.0,0.0,0.15,0.0,0.0,0.0,0.75,0.0,0.0,0.0,0.0,0.0
6539,0.1,0.45,0.0,0.25,0.0,0.15,0.0,0.05,0.0,0.0,0.0,0.0,0.0
6540,0.1,0.55,0.0,0.15,0.0,0.2,0.0,0.0,0.0,0.0,0.0,0.0,0.0
6542,0.0,0.0,0.0,0.05,0.0,0.0,0.0,0.95,0.0,0.0,0.0,0.0,0.0
6548,0.05,0.0,0.0,0.45,0.0,0.0,0.0,0.45,0.0,0.0,0.05,0.0,0.0
6557,0.6,0.0,0.0,0.25,0.0,0.0,0.0,0.1,0.0,0.0,0.05,0.0,0.0
6563,0.15,0.3,0.0,0.05,0.0,0.0,0.0,0.5,0.0,0.0,0.0,0.0,0.0
6573,0.75,0.05,0.0,0.05,0.0,0.0,0.0,0.1,0.0,0.0,0.05,0.0,0.0
6574,0.05,0.1,0.0,0.35,0.0,0.05,0.0,0.1,0.0,0.0,0.15,0.0,0.2
6577,0.15,0.1,0.0,0.0,0.0,0.0,0.0,0.7,0.0,0.0,0.05,0.0,0.0
6581,0.05,0.45,0.0,0.15,0.0,0.0,0.0,0.35,0.0,0.0,0.0,0.0,0.0
6584,0.25,0.0,0.0,0.2,0.0,0.05,0.0,0.45,0.0,0.0,0.05,0.0,0.0
6587,0.15,0.1,0.0,0.0,0.0,0.05,0.0,0.7,0.0,0.0,0.0,0.0,0.0
6591,0.1,0.2,0.0,0.1,0.0,0.0,0.0,0.6,0.0,0.0,0.0,0.0,0.0
6596,0.05,0.0,0.0,0.0,0.0,0.0,0.0,0.95,0.0,0.0,0.0,0.0,0.0
6597,0.0,0.15,0.0,0.1,0.0,0.0,0.0,0.7,0.0,0.0,0.05,0.0,0.0
6601,0.0,0.1,0.0,0.05,0.0,0.05,0.0,0.65,0.0,0.0,0.15,0.0,0.0
6603,0.3,0.05,0.0,0.15,0.0,0.05,0.0,0.1,0.0,0.0,0.35,0.0,0.0
6605,0.3,0.05,0.0,0.05,0.0,0.0,0.0,0.6,0.0,0.0,0.0,0.0,0.0
6608,0.3,0.0,0.0,0.15,0.0,0.05,0.0,0.5,0.0,0.0,0.0,0.0,0.0
6611,0.55,0.0,0.0,0.2,0.0,0.15,0.0,0.1,0.0,0.0,0.0,0.0,0.0
6612,0.6,0.05,0.0,0.15,0.0,0.0,0.0,0.15,0.0,0.0,0.05,0.0,0.0
6620,0.05,0.1,0.0,0.0,0.0,0.0,0.0,0.8,0.0,0.0,0.05,0.0,0.0
6621,0.3,0.0,0.0,0.05,0.0,0.0,0.0,0.6,0.05,0.0,0.0,0.0,0.0
6622,0.25,0.05,0.0,0.0,0.0,0.0,0.0,0.7,0.0,0.0,0.0,0.0,0.0
6626,0.35,0.1,0.0,0.05,0.0,0.0,0.0,0.5,0.0,0.0,0.0,0.0,0.0
6634,0.05,0.7,0.0,0.05,0.0,0.0,0.0,0.2,0.0,0.0,0.0,0.0,0.0
6639,0.15,0.55,0.0,0.2,0.0,0.0,0.0,0.0,0.0,0.0,0.1,0.0,0.0
6643,0.0,0.05,0.0,0.05,0.0,0.0,0.0,0.9,0.0,0.0,0.0,0.0,0.0
6644,0.05,0.1,0.0,0.0,0.0,0.0,0.0,0.85,0.0,0.0,0.0,0.0,0.0
6646,0.0,0.0,0.0,0.0,0.0,0.0,0.0,1.0,0.0,0.0,0.0,0.0,0.0
6648,0.05,0.0,0.0,0.05,0.0,0.0,0.0,0.9,0.0,0.0,0.0,0.0,0.0
6649,0.0,0.15,0.0,0.15,0.0,0.0,0.0,0.3,0.0,0.0,0.4,0.0,0.0
6651,0.1,0.15,0.0,0.45,0.0,0.05,0.0,0.15,0.0,0.0,0.1,0.0,0.0
6652,0.25,0.2,0.0,0.05,0.0,0.0,0.0,0.5,0.0,0.0,0.0,0.0,0.0
6654,0.05,0.0,0.0,0.05,0.0,0.0,0.0,0.9,0.0,0.0,0.0,0.0,0.0
6657,0.05,0.45,0.0,0.15,0.0,0.0,0.0,0.2,0.0,0.0,0.1,0.0,0.05
6659,0.0,0.0,0.0,0.05,0.0,0.0,0.0,0.95,0.0,0.0,0.0,0.0,0.0
6660,0.15,0.1,0.0,0.1,0.0,0.0,0.0,0.65,0.0,0.0,0.0,0.0,0.0
6662,0.15,0.05,0.0,0.0,0.0,0.0,0.0,0.8,0.0,0.0,0.0,0.0,0.0
6664,0.1,0.1,0.0,0.1,0.0,0.0,0.0,0.7,0.0,0.0,0.0,0.0,0.0
6665,0.15,0.05,0.0,0.0,0.0,0.0,0.0,0.8,0.0,0.0,0.0,0.0,0.0
6669,0.2,0.0,0.0,0.05,0.0,0.05,0.0,0.7,0.0,0.0,0.0,0.0,0.0
6673,0.0,0.1,0.0,0.0,0.0,0.0,0.0,0.85,0.0,0.0,0.05,0.0,0.0
6675,0.1,0.2,0.0,0.35,0.0,0.0,0.0,0.0,0.0,0.0,0.25,0.0,0.1
6685,0.2,0.05,0.0,0.15,0.0,0.05,0.0,0.5,0.0,0.0,0.05,0.0,0.0
6686,0.35,0.3,0.0,0.05,0.0,0.05,0.0,0.25,0.0,0.0,0.0,0.0,0.0
6688,0.25,0.05,0.0,0.15,0.0,0.0,0.0,0.3,0.0,0.0,0.25,0.0,0.0
6690,0.2,0.0,0.0,0.15,0.0,0.0,0.0,0.6,0.0,0.0,0.05,0.0,0.0
6691,0.25,0.35,0.0,0.3,0.0,0.1,0.0,0.0,0.0,0.0,0.0,0.0,0.0
6693,0.1,0.0,0.0,0.35,0.0,0.0,0.0,0.5,0.0,0.0,0.05,0.0,0.0
6695,0.2,0.05,0.0,0.0,0.0,0.0,0.0,0.75,0.0,0.0,0.0,0.0,0.0
6697,0.15,0.15,0.0,0.05,0.0,0.15,0.0,0.5,0.0,0.0,0.0,0.0,0.0
6699,0.1,0.0,0.0,0.05,0.0,0.05,0.0,0.75,0.0,0.0,0.05,0.0,0.0
6701,0.15,0.2,0.0,0.0,0.0,0.0,0.0,0.65,0.0,0.0,0.0,0.0,0.0
6703,0.1,0.1,0.0,0.45,0.0,0.0,0.0,0.05,0.0,0.0,0.2,0.0,0.1
6704,0.0,0.15,0.0,0.25,0.0,0.0,0.0,0.45,0.0,0.0,0.1,0.0,0.05
6705,0.1,0.1,0.0,0.1,0.0,0.0,0.0,0.15,0.0,0.0,0.5,0.0,0.05
6706,0.0,0.05,0.0,0.05,0.0,0.0,0.0,0.9,0.0,0.0,0.0,0.0,0.0
6710,0.2,0.25,0.0,0.1,0.0,0.0,0.0,0.45,0.0,0.0,0.0,0.0,0.0
6718,0.1,0.25,0.0,0.0,0.0,0.0,0.0,0.65,0.0,0.0,0.0,0.0,0.0
6721,0.1,0.45,0.0,0.3,0.0,0.05,0.0,0.0,0.0,0.0,0.1,0.0,0.0
6732,0.45,0.0,0.0,0.25,0.0,0.0,0.0,0.25,0.0,0.0,0.05,0.0,0.0
6737,0.25,0.0,0.0,0.2,0.0,0.15,0.0,0.35,0.0,0.0,0.05,0.0,0.0
6739,0.05,0.1,0.0,0.25,0.0,0.0,0.0,0.6,0.0,0.0,0.0,0.0,0.0
6742,0.15,0.3,0.0,0.15,0.0,0.3,0.0,0.05,0.0,0.0,0.05,0.0,0.0
6744,0.0,0.0,0.0,0.2,0.0,0.0,0.0,0.8,0.0,0.0,0.0,0.0,0.0
6745,0.05,0.0,0.0,0.0,0.0,0.0,0.0,0.95,0.0,0.0,0.0,0.0,0.0
6747,0.3,0.0,0.0,0.0,0.0,0.05,0.0,0.65,0.0,0.0,0.0,0.0,0.0
6749,0.0,0.0,0.0,0.05,0.0,0.0,0.0,0.95,0.0,0.0,0.0,0.0,0.0
6751,0.15,0.05,0.0,0.15,0.0,0.0,0.0,0.2,0.0,0.0,0.45,0.0,0.0
6754,0.0,0.0,0.0,0.1,0.0,0.0,0.0,0.9,0.0,0.0,0.0,0.0,0.0
6755,0.15,0.05,0.0,0.0,0.0,0.0,0.0,0.8,0.0,0.0,0.0,0.0,0.0
6756,0.1,0.1,0.0,0.0,0.0,0.0,0.0,0.8,0.0,0.0,0.0,0.0,0.0
6760,0.0,0.05,0.0,0.3,0.0,0.0,0.0,0.65,0.0,0.0,0.0,0.0,0.0
6766,0.0,0.05,0.0,0.1,0.0,0.0,0.0,0.3,0.0,0.0,0.55,0.0,0.0
6767,0.05,0.1,0.0,0.05,0.0,0.0,0.0,0.15,0.0,0.0,0.65,0.0,0.0
6776,0.0,0.0,0.0,0.05,0.0,0.0,0.0,0.95,0.0,0.0,0.0,0.0,0.0
6783,0.3,0.1,0.0,0.3,0.0,0.05,0.05,0.1,0.1,0.0,0.0,0.0,0.0
6787,0.4,0.35,0.0,0.2,0.0,0.0,0.0,0.05,0.0,0.0,0.0,0.0,0.0
6789,0.2,0.25,0.0,0.15,0.0,0.0,0.0,0.4,0.0,0.0,0.0,0.0,0.0
6793,0.05,0.0,0.0,0.0,0.0,0.0,0.0,0.95,0.0,0.0,0.0,0.0,0.0
6800,0.0,0.1,0.0,0.05,0.0,0.0,0.0,0.85,0.0,0.0,0.0,0.0,0.0
6805,0.05,0.05,0.0,0.0,0.0,0.05,0.0,0.7,0.0,0.0,0.15,0.0,0.0
6811,0.25,0.05,0.0,0.1,0.0,0.05,0.0,0.55,0.0,0.0,0.0,0.0,0.0
6812,0.2,0.3,0.0,0.05,0.0,0.05,0.0,0.4,0.0,0.0,0.0,0.0,0.0
6816,0.0,0.05,0.0,0.2,0.0,0.0,0.0,0.3,0.0,0.0,0.45,0.0,0.0
6817,0.0,0.7,0.0,0.25,0.0,0.0,0.0,0.05,0.0,0.0,0.0,0.0,0.0
6820,0.1,0.0,0.0,0.05,0.0,0.0,0.0,0.85,0.0,0.0,0.0,0.0,0.0
6825,0.1,0.25,0.0,0.45,0.0,0.05,0.0,0.05,0.0,0.0,0.05,0.0,0.05
6836,0.05,0.0,0.0,0.0,0.0,0.0,0.0,0.95,0.0,0.0,0.0,0.0,0.0
6842,0.05,0.35,0.0,0.15,0.0,0.0,0.0,0.45,0.0,0.0,0.0,0.0,0.0
6845,0.0,0.3,0.0,0.65,0.0,0.0,0.0,0.0,0.0,0.0,0.0,0.0,0.05
6848,0.0,0.7,0.0,0.2,0.0,0.0,0.0,0.1,0.0,0.0,0.0,0.0,0.0
6850,0.15,0.05,0.0,0.1,0.0,0.0,0.0,0.65,0.0,0.0,0.05,0.0,0.0
6853,0.15,0.15,0.0,0.0,0.0,0.0,0.0,0.7,0.0,0.0,0.0,0.0,0.0
6854,0.0,0.25,0.0,0.05,0.0,0.0,0.0,0.6,0.0,0.0,0.05,0.0,0.05
6860,0.6,0.1,0.0,0.2,0.0,0.0,0.0,0.0,0.0,0.0,0.1,0.0,0.0
6863,0.0,0.35,0.0,0.05,0.0,0.0,0.0,0.6,0.0,0.0,0.0,0.0,0.0
6866,0.3,0.35,0.0,0.3,0.0,0.05,0.0,0.0,0.0,0.0,0.0,0.0,0.0
6871,0.3,0.4,0.0,0.15,0.0,0.1,0.0,0.05,0.0,0.0,0.0,0.0,0.0
6874,0.05,0.15,0.0,0.05,0.0,0.15,0.0,0.6,0.0,0.0,0.0,0.0,0.0
6876,0.1,0.3,0.0,0.05,0.0,0.0,0.0,0.55,0.0,0.0,0.0,0.0,0.0
6878,0.3,0.25,0.0,0.3,0.0,0.0,0.0,0.15,0.0,0.0,0.0,0.0,0.0
6880,0.4,0.35,0.0,0.1,0.0,0.0,0.0,0.15,0.0,0.0,0.0,0.0,0.0
6884,0.25,0.05,0.0,0.15,0.0,0.1,0.0,0.2,0.0,0.0,0.25,0.0,0.0
6891,0.15,0.05,0.0,0.2,0.0,0.0,0.0,0.55,0.0,0.0,0.05,0.0,0.0
6892,0.05,0.1,0.0,0.05,0.0,0.0,0.0,0.5,0.0,0.0,0.25,0.0,0.05
6898,0.05,0.0,0.0,0.1,0.0,0.0,0.0,0.85,0.0,0.0,0.0,0.0,0.0
6899,0.1,0.25,0.0,0.1,0.0,0.2,0.0,0.15,0.0,0.0,0.2,0.0,0.0
6903,0.2,0.25,0.0,0.0,0.0,0.05,0.0,0.5,0.0,0.0,0.0,0.0,0.0
6905,0.55,0.0,0.0,0.15,0.0,0.0,0.0,0.15,0.0,0.0,0.1,0.0,0.05
6912,0.05,0.0,0.0,0.3,0.0,0.0,0.0,0.6,0.0,0.0,0.05,0.0,0.0
6914,0.05,0.0,0.0,0.25,0.0,0.0,0.0,0.65,0.0,0.0,0.05,0.0,0.0
6915,0.1,0.0,0.0,0.25,0.0,0.05,0.0,0.55,0.0,0.0,0.05,0.0,0.0
6918,0.0,0.3,0.0,0.35,0.0,0.0,0.0,0.1,0.0,0.0,0.1,0.0,0.15
6922,0.05,0.1,0.0,0.05,0.0,0.0,0.0,0.8,0.0,0.0,0.0,0.0,0.0
6923,0.0,0.2,0.0,0.2,0.0,0.0,0.0,0.6,0.0,0.0,0.0,0.0,0.0
6924,0.05,0.0,0.0,0.05,0.0,0.0,0.0,0.9,0.0,0.0,0.0,0.0,0.0
6925,0.2,0.0,0.0,0.0,0.0,0.0,0.0,0.8,0.0,0.0,0.0,0.0,0.0
6926,0.0,0.25,0.0,0.05,0.0,0.0,0.0,0.7,0.0,0.0,0.0,0.0,0.0
6927,0.45,0.0,0.0,0.2,0.0,0.05,0.0,0.2,0.0,0.0,0.1,0.0,0.0
6929,0.3,0.0,0.0,0.1,0.0,0.15,0.0,0.25,0.0,0.0,0.2,0.0,0.0
6930,0.2,0.3,0.0,0.1,0.0,0.05,0.0,0.25,0.0,0.0,0.1,0.0,0.0
6939,0.25,0.45,0.0,0.05,0.0,0.0,0.0,0.25,0.0,0.0,0.0,0.0,0.0
6943,0.35,0.0,0.0,0.2,0.0,0.0,0.0,0.4,0.0,0.0,0.05,0.0,0.0
6949,0.05,0.0,0.0,0.0,0.0,0.0,0.0,0.9,0.0,0.0,0.05,0.0,0.0
6954,0.2,0.1,0.0,0.05,0.0,0.05,0.0,0.6,0.0,0.0,0.0,0.0,0.0
6955,0.1,0.6,0.0,0.1,0.0,0.0,0.0,0.2,0.0,0.0,0.0,0.0,0.0
6958,0.1,0.1,0.0,0.1,0.0,0.0,0.0,0.7,0.0,0.0,0.0,0.0,0.0
6962,0.0,0.0,0.0,0.2,0.0,0.0,0.0,0.8,0.0,0.0,0.0,0.0,0.0
6963,0.05,0.0,0.0,0.25,0.0,0.0,0.0,0.7,0.0,0.0,0.0,0.0,0.0
6970,0.35,0.05,0.0,0.25,0.0,0.0,0.0,0.3,0.0,0.0,0.05,0.0,0.0
6979,0.15,0.25,0.0,0.15,0.0,0.15,0.0,0.15,0.0,0.0,0.15,0.0,0.0
6983,0.05,0.0,0.0,0.4,0.0,0.0,0.0,0.5,0.0,0.0,0.05,0.0,0.0
6985,0.05,0.0,0.0,0.25,0.0,0.0,0.0,0.65,0.0,0.0,0.05,0.0,0.0
6992,0.05,0.2,0.0,0.35,0.0,0.0,0.0,0.1,0.0,0.0,0.25,0.0,0.05
6993,0.0,0.1,0.0,0.15,0.0,0.0,0.0,0.6,0.0,0.0,0.1,0.0,0.05
6996,0.05,0.3,0.0,0.15,0.0,0.1,0.0,0.2,0.0,0.0,0.2,0.0,0.0
7005,0.05,0.0,0.0,0.0,0.0,0.0,0.0,0.95,0.0,0.0,0.0,0.0,0.0
7011,0.0,0.0,0.0,0.05,0.0,0.0,0.0,0.95,0.0,0.0,0.0,0.0,0.0
7013,0.0,0.15,0.0,0.25,0.0,0.0,0.0,0.6,0.0,0.0,0.0,0.0,0.0
7016,0.05,0.0,0.0,0.0,0.0,0.0,0.0,0.95,0.0,0.0,0.0,0.0,0.0
7017,0.0,0.0,0.0,0.05,0.0,0.0,0.0,0.95,0.0,0.0,0.0,0.0,0.0
7018,0.1,0.1,0.0,0.0,0.0,0.0,0.0,0.8,0.0,0.0,0.0,0.0,0.0
7019,0.05,0.15,0.0,0.15,0.0,0.0,0.0,0.65,0.0,0.0,0.0,0.0,0.0
7020,0.15,0.05,0.0,0.0,0.0,0.0,0.0,0.8,0.0,0.0,0.0,0.0,0.0
7021,0.15,0.05,0.0,0.0,0.0,0.0,0.0,0.8,0.0,0.0,0.0,0.0,0.0
7034,0.5,0.05,0.0,0.25,0.0,0.05,0.0,0.1,0.0,0.0,0.05,0.0,0.0
7038,0.0,0.7,0.0,0.15,0.0,0.0,0.0,0.15,0.0,0.0,0.0,0.0,0.0
7039,0.0,0.35,0.0,0.6,0.0,0.0,0.0,0.05,0.0,0.0,0.0,0.0,0.0
7040,0.0,0.95,0.0,0.05,0.0,0.0,0.0,0.0,0.0,0.0,0.0,0.0,0.0
7041,0.05,0.6,0.0,0.15,0.0,0.0,0.0,0.2,0.0,0.0,0.0,0.0,0.0
7043,0.1,0.25,0.0,0.0,0.0,0.0,0.0,0.65,0.0,0.0,0.0,0.0,0.0
7046,0.15,0.1,0.0,0.2,0.0,0.05,0.0,0.5,0.0,0.0,0.0,0.0,0.0
7049,0.0,0.1,0.0,0.3,0.0,0.0,0.0,0.05,0.0,0.0,0.5,0.0,0.05
7054,0.0,0.0,0.0,0.05,0.0,0.0,0.0,0.95,0.0,0.0,0.0,0.0,0.0
7055,0.05,0.05,0.0,0.05,0.0,0.0,0.0,0.85,0.0,0.0,0.0,0.0,0.0
7057,0.05,0.05,0.0,0.05,0.0,0.0,0.0,0.35,0.0,0.0,0.5,0.0,0.0
7059,0.0,0.1,0.0,0.05,0.0,0.0,0.0,0.85,0.0,0.0,0.0,0.0,0.0
7061,0.0,0.05,0.0,0.0,0.0,0.0,0.0,0.95,0.0,0.0,0.0,0.0,0.0
7065,0.25,0.0,0.0,0.2,0.0,0.0,0.0,0.55,0.0,0.0,0.0,0.0,0.0
7066,0.25,0.0,0.0,0.2,0.0,0.0,0.0,0.5,0.0,0.0,0.05,0.0,0.0
7068,0.35,0.0,0.0,0.25,0.0,0.05,0.0,0.3,0.0,0.0,0.05,0.0,0.0
7069,0.0,0.0,0.0,0.1,0.0,0.0,0.0,0.9,0.0,0.0,0.0,0.0,0.0
7070,0.05,0.05,0.0,0.2,0.0,0.0,0.0,0.7,0.0,0.0,0.0,0.0,0.0
7072,0.2,0.0,0.0,0.05,0.0,0.0,0.0,0.75,0.0,0.0,0.0,0.0,0.0
7074,0.0,0.0,0.0,0.05,0.0,0.0,0.0,0.95,0.0,0.0,0.0,0.0,0.0
7075,0.1,0.0,0.0,0.0,0.0,0.05,0.0,0.85,0.0,0.0,0.0,0.0,0.0
7079,0.1,0.0,0.0,0.45,0.0,0.0,0.0,0.4,0.0,0.0,0.05,0.0,0.0
7083,0.3,0.05,0.0,0.0,0.0,0.0,0.0,0.65,0.0,0.0,0.0,0.0,0.0
7087,0.1,0.0,0.0,0.0,0.0,0.0,0.0,0.9,0.0,0.0,0.0,0.0,0.0
7091,0.0,0.05,0.0,0.05,0.0,0.0,0.0,0.9,0.0,0.0,0.0,0.0,0.0
7092,0.4,0.15,0.0,0.1,0.0,0.05,0.0,0.15,0.0,0.0,0.15,0.0,0.0
7100,0.05,0.6,0.0,0.15,0.0,0.0,0.0,0.2,0.0,0.0,0.0,0.0,0.0
7102,0.15,0.6,0.0,0.15,0.0,0.05,0.0,0.0,0.0,0.0,0.05,0.0,0.0
7109,0.5,0.05,0.0,0.15,0.0,0.0,0.0,0.15,0.0,0.0,0.1,0.0,0.05
7114,0.55,0.2,0.0,0.15,0.0,0.0,0.0,0.1,0.0,0.0,0.0,0.0,0.0
7118,0.2,0.1,0.0,0.05,0.0,0.05,0.0,0.6,0.0,0.0,0.0,0.0,0.0
7120,0.0,0.1,0.0,0.15,0.0,0.0,0.0,0.5,0.0,0.0,0.25,0.0,0.0
7126,0.05,0.0,0.0,0.05,0.0,0.0,0.0,0.9,0.0,0.0,0.0,0.0,0.0
7131,0.05,0.5,0.0,0.3,0.0,0.0,0.0,0.15,0.0,0.0,0.0,0.0,0.0
7132,0.05,0.4,0.0,0.45,0.0,0.0,0.0,0.0,0.0,0.0,0.1,0.0,0.0
7133,0.0,0.2,0.0,0.5,0.0,0.0,0.0,0.15,0.0,0.0,0.1,0.0,0.05
7134,0.2,0.0,0.0,0.0,0.0,0.0,0.0,0.8,0.0,0.0,0.0,0.0,0.0
7135,0.05,0.05,0.0,0.05,0.0,0.0,0.0,0.85,0.0,0.0,0.0,0.0,0.0
7138,0.05,0.05,0.0,0.05,0.0,0.0,0.0,0.85,0.0,0.0,0.0,0.0,0.0
7142,0.05,0.1,0.0,0.05,0.0,0.0,0.0,0.55,0.0,0.0,0.25,0.0,0.0
7144,0.15,0.25,0.0,0.35,0.0,0.0,0.0,0.1,0.0,0.0,0.1,0.0,0.05
7146,0.0,0.75,0.0,0.15,0.0,0.0,0.0,0.1,0.0,0.0,0.0,0.0,0.0
7147,0.05,0.0,0.0,0.05,0.0,0.0,0.0,0.9,0.0,0.0,0.0,0.0,0.0
7149,0.5,0.0,0.0,0.05,0.0,0.0,0.0,0.3,0.0,0.0,0.15,0.0,0.0
7152,0.05,0.55,0.0,0.15,0.0,0.0,0.0,0.0,0.0,0.0,0.2,0.0,0.05
7158,0.0,0.1,0.0,0.05,0.0,0.0,0.0,0.85,0.0,0.0,0.0,0.0,0.0
7159,0.0,0.85,0.0,0.0,0.0,0.0,0.0,0.05,0.0,0.0,0.1,0.0,0.0
7160,0.0,0.15,0.0,0.25,0.0,0.0,0.0,0.05,0.0,0.0,0.45,0.0,0.1
7163,0.1,0.05,0.0,0.1,0.0,0.0,0.0,0.25,0.0,0.0,0.5,0.0,0.0
7166,0.05,0.0,0.0,0.4,0.0,0.0,0.0,0.5,0.0,0.0,0.05,0.0,0.0
7168,0.0,0.95,0.0,0.05,0.0,0.0,0.0,0.0,0.0,0.0,0.0,0.0,0.0
7181,0.0,0.05,0.0,0.05,0.0,0.0,0.0,0.9,0.0,0.0,0.0,0.0,0.0
7182,0.15,0.1,0.0,0.0,0.0,0.0,0.0,0.7,0.0,0.0,0.05,0.0,0.0
7191,0.0,0.1,0.0,0.1,0.0,0.0,0.0,0.8,0.0,0.0,0.0,0.0,0.0
7193,0.05,0.05,0.0,0.1,0.0,0.0,0.0,0.8,0.0,0.0,0.0,0.0,0.0
7197,0.0,0.3,0.0,0.35,0.0,0.0,0.0,0.05,0.0,0.0,0.15,0.0,0.15
7201,0.05,0.1,0.0,0.15,0.0,0.0,0.0,0.7,0.0,0.0,0.0,0.0,0.0
7204,0.05,0.15,0.0,0.05,0.0,0.0,0.0,0.75,0.0,0.0,0.0,0.0,0.0
7205,0.1,0.35,0.0,0.15,0.0,0.05,0.0,0.3,0.0,0.0,0.05,0.0,0.0
7207,0.1,0.0,0.0,0.05,0.0,0.0,0.0,0.85,0.0,0.0,0.0,0.0,0.0
7210,0.1,0.05,0.0,0.0,0.0,0.0,0.0,0.85,0.0,0.0,0.0,0.0,0.0
7211,0.1,0.0,0.0,0.0,0.0,0.0,0.0,0.9,0.0,0.0,0.0,0.0,0.0
7213,0.5,0.0,0.0,0.15,0.0,0.05,0.0,0.2,0.0,0.0,0.1,0.0,0.0
7215,0.15,0.0,0.0,0.1,0.0,0.1,0.0,0.65,0.0,0.0,0.0,0.0,0.0
7218,0.0,0.0,0.0,0.05,0.0,0.0,0.0,0.95,0.0,0.0,0.0,0.0,0.0
7229,0.0,0.0,0.0,0.05,0.0,0.0,0.0,0.95,0.0,0.0,0.0,0.0,0.0
7231,0.1,0.3,0.0,0.15,0.0,0.2,0.0,0.15,0.0,0.0,0.1,0.0,0.0
7234,0.1,0.0,0.0,0.1,0.0,0.0,0.0,0.8,0.0,0.0,0.0,0.0,0.0
7237,0.0,0.05,0.0,0.1,0.0,0.0,0.0,0.8,0.0,0.0,0.05,0.0,0.0
7247,0.0,0.05,0.0,0.0,0.0,0.0,0.0,0.95,0.0,0.0,0.0,0.0,0.0
7251,0.1,0.0,0.0,0.0,0.0,0.0,0.0,0.9,0.0,0.0,0.0,0.0,0.0
7252,0.0,0.1,0.0,0.2,0.0,0.0,0.0,0.6,0.0,0.0,0.1,0.0,0.0
7257,0.0,0.6,0.0,0.3,0.0,0.0,0.0,0.1,0.0,0.0,0.0,0.0,0.0
7259,0.0,0.05,0.0,0.25,0.0,0.0,0.0,0.7,0.0,0.0,0.0,0.0,0.0
7261,0.0,0.05,0.0,0.15,0.0,0.0,0.0,0.8,0.0,0.0,0.0,0.0,0.0
7263,0.05,0.2,0.0,0.4,0.0,0.0,0.0,0.1,0.0,0.0,0.15,0.0,0.1
7264,0.0,0.35,0.0,0.3,0.0,0.0,0.0,0.1,0.0,0.0,0.2,0.0,0.05
7267,0.1,0.1,0.0,0.05,0.0,0.0,0.0,0.6,0.0,0.0,0.1,0.0,0.05
7271,0.0,0.05,0.0,0.45,0.0,0.0,0.0,0.45,0.0,0.0,0.05,0.0,0.0
7274,0.0,0.2,0.0,0.05,0.0,0.0,0.0,0.75,0.0,0.0,0.0,0.0,0.0
7279,0.0,0.05,0.0,0.05,0.0,0.0,0.0,0.9,0.0,0.0,0.0,0.0,0.0
7287,0.0,0.15,0.0,0.15,0.0,0.0,0.0,0.7,0.0,0.0,0.0,0.0,0.0
7288,0.0,0.15,0.0,0.15,0.0,0.0,0.0,0.7,0.0,0.0,0.0,0.0,0.0
7292,0.1,0.0,0.0,0.05,0.0,0.0,0.0,0.85,0.0,0.0,0.0,0.0,0.0
7293,0.1,0.1,0.0,0.1,0.0,0.0,0.0,0.1,0.0,0.0,0.6,0.0,0.0
7299,0.1,0.05,0.0,0.0,0.0,0.0,0.0,0.85,0.0,0.0,0.0,0.0,0.0
7301,0.15,0.0,0.0,0.3,0.0,0.0,0.0,0.55,0.0,0.0,0.0,0.0,0.0
7307,0.05,0.35,0.0,0.15,0.0,0.0,0.0,0.45,0.0,0.0,0.0,0.0,0.0
7312,0.35,0.0,0.0,0.15,0.0,0.0,0.0,0.4,0.0,0.0,0.05,0.0,0.05
7313,0.0,0.0,0.0,0.0,0.0,0.0,0.0,1.0,0.0,0.0,0.0,0.0,0.0
7314,0.0,0.05,0.0,0.0,0.0,0.0,0.0,0.95,0.0,0.0,0.0,0.0,0.0
7315,0.0,0.05,0.0,0.05,0.0,0.0,0.0,0.9,0.0,0.0,0.0,0.0,0.0
7316,0.0,0.0,0.0,0.05,0.0,0.0,0.0,0.95,0.0,0.0,0.0,0.0,0.0
7317,0.15,0.1,0.0,0.2,0.0,0.1,0.0,0.35,0.0,0.0,0.1,0.0,0.0
7319,0.1,0.0,0.0,0.15,0.0,0.0,0.0,0.7,0.0,0.0,0.05,0.0,0.0
7325,0.15,0.1,0.0,0.0,0.0,0.0,0.0,0.75,0.0,0.0,0.0,0.0,0.0
7329,0.15,0.0,0.0,0.05,0.0,0.0,0.0,0.65,0.0,0.0,0.15,0.0,0.0
7330,0.05,0.0,0.0,0.0,0.0,0.0,0.0,0.95,0.0,0.0,0.0,0.0,0.0
7333,0.0,0.3,0.0,0.1,0.0,0.0,0.0,0.2,0.0,0.0,0.4,0.0,0.0
